kit_part_number,component_part_number,line_number,qty_per_kit,uom
AC500-C1,SK4002-3S,1,71,ea
AC500-C1,SK4002-4S,2,155,ea
AC500-C1,SK4002-5S,3,10,ea
AC500-C1,SK4002-6S,4,4,ea
AC500-C1,SK-NS,5,220,ea
AC500-C1,SK-R4GS,6,220,ea
AC500-C1,SK2700-3S,7,69,ea
AC500-C1,SK2700-4S,8,4,ea
AC500-C1,SK2600-SW,9,70,ea
AC500-C1,MS51957-45,10,25,ea
AC500-C1P,SK40S5-3S,1,71,ea
AC500-C1P,SK40S5-4S,2,155,ea
AC500-C1P,SK40S5-5S,3,10,ea
AC500-C1P,SK40S5-6S,4,4,ea
AC500-C1P,SK-NS,5,220,ea
AC500-C1P,SK-R4GS,6,220,ea
AC500-C1P,SK27S3-3S,7,69,ea
AC500-C1P,SK27S3-4S,8,4,ea
AC500-C1P,SK2600-SW,9,70,ea
AC500-C1P,MS51957-45,10,35,ea
AC500-C2,SK4002-3S,1,25,ea
AC500-C2,SK4002-6S,2,10,ea
AC500-C2,SK4002-7S,3,4,ea
AC500-C2,SK4002-8S,4,38,ea
AC500-C2,SK-OS,5,48,ea
AC500-C2,SK-NS,6,25,ea
AC500-C2,SK-R4GS,7,75,ea
AC500-C2,MS24694-C49,8,25,ea
AC500-C2,MS24694-C50,9,25,ea
AC500-C2,MS24694-C51,10,50,ea
AC500-C2,MS24694-C52,11,25,ea
AC500-C2A,SK4002-5S,1,48,ea
AC500-C2A,SK4002-6S,2,36,ea
AC500-C2A,SK4002-7S,3,28,ea
AC500-C2A,SK4002-8S,4,4,ea
AC500-C2A,SK-OS,5,68,ea
AC500-C2A,SK-NS,6,44,ea
AC500-C2A,SK-R4GS,7,112,ea
AC500-C2A,MS24694-C49,8,25,ea
AC500-C2A,MS24694-C50,9,25,ea
AC500-C2A,MS24694-C51,10,50,ea
AC500-C2A,MS24694-C52,11,25,ea
AC500-C2AP,SK40S5-5S,1,48,ea
AC500-C2AP,SK40S5-6S,2,36,ea
AC500-C2AP,SK40S5-7S,3,28,ea
AC500-C2AP,SK40S5-8S,4,4,ea
AC500-C2AP,SK-OS,5,68,ea
AC500-C2AP,SK-NS,6,44,ea
AC500-C2AP,SK-R4GS,7,112,ea
AC500-C2AP,MS24694-C49,8,25,ea
AC500-C2AP,MS24694-C50,9,25,ea
AC500-C2AP,MS24694-C51,10,50,ea
AC500-C2AP,MS24694-C52,11,25,ea
AC500-C2P,SK40S5-3S,1,25,ea
AC500-C2P,SK40S5-6S,2,10,ea
AC500-C2P,SK40S5-7S,3,4,ea
AC500-C2P,SK40S5-8S,4,38,ea
AC500-C2P,SK-OS,5,48,ea
AC500-C2P,SK-NS,6,25,ea
AC500-C2P,SK-R4GS,7,75,ea
AC500-C2P,MS24694-C49,8,25,ea
AC500-C2P,MS24694-C50,9,25,ea
AC500-C2P,MS24694-C51,10,50,ea
AC500-C2P,MS24694-C52,11,25,ea
AC500-C3,SK4002-3S,1,30,ea
AC500-C3,SK4002-4S,2,2,ea
AC500-C3,SK4002-5S,3,10,ea
AC500-C3,SK4002-6S,4,4,ea
AC500-C3,SK4002-7S,5,38,ea
AC500-C3,SK4002-8S,6,2,ea
AC500-C3,SK-NS,7,28,ea
AC500-C3,SK-OS,8,48,ea
AC500-C3,SK-R4GS,9,78,ea
AC500-C3,MS24694-C50,10,25,ea
AC500-C3,MS24694-C51,11,50,ea
AC500-C3P,SK40S5-7S,1,38,ea
AC500-C3P,SK40S5-5S,2,10,ea
AC500-C3P,SK40S5-4S,3,2,ea
AC500-C3P,SK40S5-6S,4,4,ea
AC500-C3P,SK40S5-8S,5,2,ea
AC500-C3P,SK40S5-3S,6,30,ea
AC500-C3P,SK-OS,7,48,ea
AC500-C3P,SK-NS,8,28,ea
AC500-C3P,SK-R4GS,9,78,ea
AC500-C3P,MS24694-C50,10,25,ea
AC500-C3P,MS24694-C51,11,50,ea
AC500-C4,SK4002-4S,1,100,ea
AC500-C4,SK4002-5S,2,8,ea
AC500-C4,SK4002-6S,3,18,ea
AC500-C4,SK4002-7S,4,10,ea
AC500-C4,SK4002-8S,5,4,ea
AC500-C4,SK-NS,6,130,ea
AC500-C4,SK-R4GS,7,130,ea
AC500-C4,SKAJ4-30SS,8,8,ea
AC500-C4,SKAJ4-35SS,9,8,ea
AC500-C4,NAS1515-H-3L,10,16,ea
AC500-C4P,SKAJ4-30SS,1,8,ea
AC500-C4P,SKAJ4-35SS,2,8,ea
AC500-C4P,NAS1515-H-3L,3,16,ea
AC500-C4P,SK40S5-4S,4,100,ea
AC500-C4P,SK40S5-5S,5,8,ea
AC500-C4P,SK40S5-6S,6,18,ea
AC500-C4P,SK40S5-7S,7,10,ea
AC500-C4P,SK40S5-8S,8,4,ea
AC500-C4P,SK-NS,9,130,ea
AC500-C4P,SK-R4GS,10,130,ea
AC690-NA1P,SK40S5-3S,1,30,ea
AC690-NA1P,SK-NS,2,30,ea
AC690-NA1P,SK-R4GS,3,30,ea
AC690-NA1S,SK4002-3S,1,30,ea
AC690-NA1S,SK-NS,2,30,ea
AC690-NA1S,SK-R4GS,3,30,ea
B35LC2090,SK112060-1-090,1,20,ea
B35LC2090,SK99785-2S,2,20,ea
B35LC2090,SK295846-2,3,20,ea
B35LC27S,SK2700-2S,1,20,ea
B35LC27S,SK27S5-1S,2,20,ea
B35LC27S,SK213-2,3,20,ea
B35LC27S,MS20426AD3-4C,4,1,ea
B35LC27S,B35-INSTRUCTIONS,5,1,ea
B35LC28P,SK28S3-2S,1,20,ea
B35LC28P,SK27S5-1S,2,20,ea
B35LC28P,SK213-2,3,20,ea
B35LC28P,MS20426AD3-4C,4,1,ea
B35LC28P,B35-INSTRUCTIONS,5,1,ea
B35LC40P,SK40S5-2S,1,20,ea
B35LC40P,SK-GS,2,20,ea
B35LC40P,SK-R4GS,3,20,ea
B35LC40P,SK215-4D,4,20,ea
B35LC40P,NAS1097AD4-5C,5,1,ea
B35LC40P,Template-245,6,1,ea
B35LC40P,B35-INSTRUCTIONS,7,1,ea
B35LC40S,SK4002-2S,1,20,ea
B35LC40S,SK-GS,2,20,ea
B35LC40S,SK-R4GS,3,20,ea
B35LC40S,SK215-4D,4,20,ea
B35LC40S,NAS1097AD4-5C,5,1,ea
B35LC40S,Template-245,6,1,ea
B35LC40S,B35-INSTRUCTIONS,7,1,ea
B35LC5080,SK294186-1-080,1,20,ea
B35LC5080,SK99836S,2,20,ea
B35LC5080,SK295250-1,3,20,ea
B35LC5100,SK294186-1-100,1,20,ea
B35LC5100,SK99836S,2,20,ea
B35LC5100,SK295250-1,3,20,ea
B35UC40P,SK40S5-3S,1,8,ea
B35UC40P,SK-NS,2,8,ea
B35UC40P,SK-R4GS,3,8,ea
B35UC40P,SK215-435,4,8,ea
B35UC40P,MS24693-S3,5,25,ea
B35UC40P,LOCTITE271,6,1,ea
B35UC40P,Template-245,7,1,ea
B35UC40P,B35-INSTRUCTIONS,8,1,ea
B35UC40S,SK4002-3S,1,8,ea
B35UC40S,SK-NS,2,8,ea
B35UC40S,SK-R4GS,3,8,ea
B35UC40S,SK215-435,4,8,ea
B35UC40S,MS24693-S3,5,25,ea
B35UC40S,LOCTITE271,6,1,ea
B35UC40S,Template-245,7,1,ea
B35UC40S,B35-INSTRUCTIONS,8,1,ea
B35UC530,SKAJ5-30SS,1,8,ea
B35UC530,SKGA5-312,2,8,ea
B55-AFP,SK294186-1-100,1,4,ea
B55-AFP,SK99836S,2,4,ea
B55-AS1,SK294186-2-180,1,16,ea
B55-AS1,SK294186-2-210,2,4,ea
B55-AS1,SK99836S,3,20,ea
B55-AS1,SK112060-1-090,4,12,ea
B55-AS1,SK99785-2S,5,12,ea
B55-AS2,SK294186-2-200,1,20,ea
B55-AS2,SK99836S,2,20,ea
B55-AS2,SK112060-1-090,3,12,ea
B55-AS2,SK99785-2S,4,12,ea
B55-AS3,SK294186-2-200,1,16,ea
B55-AS3,SK99836S,2,16,ea
B55-AS3,SK112060-1-090,3,12,ea
B55-AS3,SK99785-2S,4,12,ea
B55-BD,SK294290-2-170W,1,2,ea
B55-BD,SK99836S,2,2,ea
B55-C1,SK4002-2S,1,6,ea
B55-C1,SK4002-3S,2,24,ea
B55-C1,SK4002-4S,3,7,ea
B55-C1,SK4002-5S,4,4,ea
B55-C1,SK4002-6S,5,2,ea
B55-C1,SK4002-7S,6,5,ea
B55-C1,SK-GS,7,44,ea
B55-C1,SK-R4GS,8,44,ea
B55-C1,MS24693-C50,9,25,ea
B55-C1,MS24693-C272,10,100,ea
B55-C1P,SK40S5-2S,1,6,ea
B55-C1P,SK40S5-3S,2,24,ea
B55-C1P,SK40S5-4S,3,7,ea
B55-C1P,SK40S5-5S,4,4,ea
B55-C1P,SK40S5-6S,5,2,ea
B55-C1P,SK40S5-7S,6,5,ea
B55-C1P,SK-GS,7,44,ea
B55-C1P,SK-R4GS,8,44,ea
B55-C1P,MS24693-C50,9,25,ea
B55-C1P,MS24693-C272,10,100,ea
B55-C2,SK4002-3S,1,3,ea
B55-C2,SK4002-4S,2,28,ea
B55-C2,SK4002-5S,3,13,ea
B55-C2,SK4002-6S,4,2,ea
B55-C2,SK-GS,5,42,ea
B55-C2,SK-R4GS,6,42,ea
B55-C2,MS24693-C50,7,25,ea
B55-C2,MS24693-C272,8,100,ea
B55-C2P,SK40S5-3S,1,3,ea
B55-C2P,SK40S5-4S,2,28,ea
B55-C2P,SK40S5-5S,3,13,ea
B55-C2P,SK40S5-6S,4,2,ea
B55-C2P,SK-GS,5,42,ea
B55-C2P,SK-R4GS,6,42,ea
B55-C2P,MS24693-C50,7,25,ea
B55-C2P,MS24693-C272,8,100,ea
B55-EP,SKFJ4-30SS,1,16,ea
B55-EP,SR4SS,2,16,ea
B55-EP,SKGF4-150,3,16,ea
B55-EPD,SKAJ4-30SS,1,1,ea
B55-EPD,SKGA4-250,2,1,ea
B55-FG,SK294186-1-120,1,6,ea
B55-FG,SK99836S,2,6,ea
B55-NC,SKFJ5-35SS,1,24,ea
B55-NC,SKGF5-225,2,24,ea
B55-NP1,SKFJ4-30SS,1,52,ea
B55-NP1,SR4SS,2,52,ea
B55-NP1,SKGF4-150,3,52,ea
B55-NP2,SK294186-1-090,1,96,ea
B55-NP2,SK99836S,2,96,ea
B55-RAD,SK294290-2-170,1,3,ea
B55-RAD,SK99836S,2,3,ea
B56-C1P,SK40S5-2S,1,6,ea
B56-C1P,SK40S5-3S,2,28,ea
B56-C1P,SK40S5-4S,3,4,ea
B56-C1P,SK40S5-5S,4,4,ea
B56-C1P,SK-GS,5,32,ea
B56-C1P,SK-R4GS,6,32,ea
B56-C1P,MS24693-C50,7,25,ea
B56-C1P,MS24693-C272,8,100,ea
B58P-AS1,SKAJ4-30SS,1,16,ea
B58P-AS1,SKGA4-250,2,16,ea
B60-C1,SK4002-2S,1,5,ea
B60-C1,SK4002-3S,2,39,ea
B60-C1,SK4002-4S,3,5,ea
B60-C1,SK-GS,4,48,ea
B60-C1,SK-R4GS,5,48,ea
B60-C1,MS24693-C271,6,50,ea
B60-C1,MS24693-C272,7,200,ea
B60-C1P,SK40S5-2S,1,5,ea
B60-C1P,SK40S5-3S,2,39,ea
B60-C1P,SK40S5-4S,3,5,ea
B60-C1P,SK-GS,4,48,ea
B60-C1P,SK-R4GS,5,48,ea
B60-C1P,MS24693-C271,6,50,ea
B60-C1P,MS24693-C272,7,200,ea
B60-LP1P,SK27S3-3S,1,10,ea
B60-LP1P,SK2600-SWS,2,10,ea
B60-LP1S,SK2700-3S,1,10,ea
B60-LP1S,SK2600-SWS,2,10,ea
B60-LP2P,SK27S3-4S,1,10,ea
B60-LP2P,SK2600-SWS,2,10,ea
B60-LP2S,SK2700-4S,1,10,ea
B60-LP2S,SK2600-SWS,2,10,ea
B76-C1,SK4002-3S,1,26,ea
B76-C1,SK4002-6S,2,30,ea
B76-C1,SK-NS,3,52,ea
B76-C1,SK-R4GS,4,52,ea
B76-C1,SK2600-3SW,5,2,ea
B76-C1,SK2600-LWS,6,2,ea
B76-C1P,SK40S5-3S,1,26,ea
B76-C1P,SK40S5-6S,2,30,ea
B76-C1P,SK-NS,3,52,ea
B76-C1P,SK-R4GS,4,52,ea
B76-C1P,SK2600-3SW,5,2,ea
B76-C1P,SK2600-LWS,6,2,ea
B95-C1,SK294290-2-160W,1,12,ea
B95-C1,SK294186-1-130,2,8,ea
B95-C1,SK294186-1-150,3,2,ea
B95-C1,SK294186-2-210,4,2,ea
B95-C1,SK99836S,5,26,ea
B95-C1,SKFJ4-30SS,6,48,ea
B95-C1,GP4B,7,48,ea
BE-BARON55,8RX1/2THBS,1,65,ea
BE-BARON55,AN526C632R8,2,41,ea
BE-BARON55,AN526C832R8,3,106,ea
BE-BARON55,AN526C832R10,4,13,ea
BE-BARON55,AN526C1032R8,5,140,ea
BE-BARON55,MS24693-C28,6,25,ea
BE-BARON55,MS24693-C29,7,8,ea
BE-BARON55,MS24693-C50,8,546,ea
BE-BARON55,MS24693-C272,9,318,ea
BE-BARON55,NAS1515-H-08L,10,100,ea
BE-BARON55,NAS1515-H-3L,11,100,ea
BE-BARON58,AN526C632R8,1,40,ea
BE-BARON58,AN526C632R12,2,2,ea
BE-BARON58,AN526C832R8,3,100,ea
BE-BARON58,AN526C832R10,4,12,ea
BE-BARON58,AN526C1032R8,5,300,ea
BE-BARON58,MS24693-C28,6,25,ea
BE-BARON58,MS24693-C30,7,15,ea
BE-BARON58,MS24693-C50,8,525,ea
BE-BARON58,MS24693-C272,9,325,ea
BE-BARON58,MS24693-C274,10,16,ea
BE-BARON58,8RX1/2THAS,11,60,ea
BE-BARON58,NAS1515-H-08L,12,100,ea
BE-BARON58,NAS1515-H-3L,13,100,ea
BE-BARON58,DP1080-17SS,14,100,ea
BE-BARON58,DP1085-20SS,15,100,ea
BE-BONANZA,8RX1/2FHBS100,1,25,ea
BE-BONANZA,8RX1/2THBS,2,50,ea
BE-BONANZA,AN526C832R8,3,200,ea
BE-BONANZA,MS24693-C28,4,50,ea
BE-BONANZA,MS24693-C48,5,35,ea
BE-BONANZA,MS24693-C50,6,100,ea
BE-BONANZA,MS24693-C51,7,50,ea
BE-BONANZA,MS24693-C52,8,50,ea
BE-BONANZA,MS24693-C272,9,100,ea
BE-BONANZA,NAS1515-H-06L,10,35,ea
BE-BONANZA,NAS1515-H-08L,11,35,ea
BE-KINGAIR,MS24693-S50,1,375,ea
BE-KINGAIR,MS24693-S51,2,6,ea
BE-KINGAIR,MS24693-S52,3,75,ea
BE-KINGAIR,MS24694-S1,4,32,ea
BE-KINGAIR,MS24694-S3,5,48,ea
BE-KINGAIR,MS24694-S4,6,50,ea
BE-KINGAIR,MS24694-S47,7,2,ea
BE-KINGAIR,MS24694-S50,8,300,ea
BE-KINGAIR,MS24694-S51,9,8,ea
BE-KINGAIR,MS27039-0806,10,8,ea
BE-KINGAIR,MS27039-1-08,11,30,ea
BE-KINGAIR,MS51957-44,12,8,ea
BE-KINGAIR,6RX3/8THBS,13,6,ea
BE-KINGAIR,AN960-8L,14,15,ea
BE-KINGAIR,AN960-10L,15,20,ea
BE-KINGAIR,DP1080-17,16,75,ea
BE-MUSKETEER,AN526C832R8,1,400,ea
BE-MUSKETEER,AN526C1032R8,2,50,ea
BE-MUSKETEER,MS24693-C50,3,20,ea
BE-MUSKETEER,8RX1/2THBS,4,70,ea
BE-MUSKETEER,NAS1515-H-08L,5,35,ea
BE-MUSKETEER,NAS1515-H-3L,6,35,ea
BE-TRAVELAIR,AN525-832R8,1,300,ea
BE-TRAVELAIR,AN525-10R10,2,100,ea
BE-TRAVELAIR,MS24693-C28,3,20,ea
BE-TRAVELAIR,MS24693-C50,4,150,ea
BE-TRAVELAIR,MS24693-C272,5,50,ea
BE-TRAVELAIR,AN526C832R6,6,15,ea
BE-TRAVELAIR,MS51957-45,7,50,ea
BE-TRAVELAIR,MS51958-63,8,40,ea
BE-TRAVELAIR,6RX1/2THBS,9,10,ea
BE-TRAVELAIR,8RX1/2THBS,10,60,ea
BE-TRAVELAIR,NAS1515-H-08L,11,100,ea
BE-TRAVELAIR,NAS1515-H-3L,12,100,ea
BEL-SCOUT,AN526C632R8,1,15,ea
BEL-SCOUT,AN526C632R12,2,15,ea
BEL-SCOUT,AN526C832R8,3,15,ea
BEL-SCOUT,AN526C832R10,4,20,ea
BEL-SCOUT,AN526C832R12,5,12,ea
BEL-SCOUT,AN526C1032R8,6,50,ea
BEL-SCOUT,4RX3/8THBS,7,65,ea
BEL-SCOUT,6RX1/2THBS,8,35,ea
BEL-SCOUT,8RX1/2THBS,9,20,ea
BEL-SCOUT,10RX1/2THBS,10,35,ea
BEL-SCOUT,6RX1/2FHAS100,11,35,ea
BEL-SCOUT,8RX1/2FHAS100,12,35,ea
BEL-SCOUT,NAS1515-H-08L,13,35,ea
BEL-SCOUT,NAS1515-H-3L,14,35,ea
BEL-SCOUT,DP1075-12SS,15,35,ea
BEL-SCOUT,DP1080-17SS,16,35,ea
BEL-VIKING,AN526C832R8,1,10,ea
BEL-VIKING,AN526C1032R10,2,15,ea
BEL-VIKING,4RX3/8THAS,3,40,ea
BEL-VIKING,6RX1/2THAS,4,55,ea
BEL-VIKING,4RX1/2FHAS100,5,30,ea
BEL-VIKING,6RX1/2FHAS100,6,30,ea
BEL-VIKING,DP1075-12SS,7,30,ea
BM-C1,SK4002-2S,1,8,ea
BM-C1,SK4002-3S,2,6,ea
BM-C1,SK4002-4S,3,4,ea
BM-C1,SK-GS,4,12,ea
BM-C1,SK-R4GS,5,12,ea
BM-C1P,SK40S5-2S,1,8,ea
BM-C1P,SK40S5-3S,2,6,ea
BM-C1P,SK40S5-4S,3,4,ea
BM-C1P,SK-GS,4,12,ea
BM-C1P,SK-R4GS,5,12,ea
BM-C1S,MS27039C1-09,1,50,ea
BM-C1S,MS27039C1-10,2,20,ea
BM-C1S,MS27039C0809,3,16,ea
BM-C1S,MS27039C0810,4,10,ea
BM-C1S,AN960C8L,5,30,ea
BM-C1S,AN960C10L,6,50,ea
BM-C2,SK4002-7S,1,22,ea
BM-C2,SK4002-10S,2,2,ea
BM-C2,SK-OS,3,22,ea
BM-C2,SK-R4GS,4,22,ea
BM-C2,SK2600-5SW,5,1,ea
BM-C2,SK2600-LWS,6,1,ea
BM-C2P,SK40S5-7S,1,22,ea
BM-C2P,SK40S5-10S,2,2,ea
BM-C2P,SK-OS,3,22,ea
BM-C2P,SK-R4GS,4,22,ea
C-120/140,AN526C832R8,1,10,ea
C-120/140,AN526C632R8,2,86,ea
C-120/140,MS24693-C28,3,10,ea
C-120/140,8RX1/2FHBS100,4,21,ea
C-120/140,6RX1/2THBS,5,25,ea
C-120/140,8RX1/2THBS,6,200,ea
C-120/140,10RX1/2THBS,7,80,ea
C-120/140,NAS1515-H-08L,8,35,ea
C-120/140,DP1080-17SS,9,18,ea
C-150/152,8RX1/2FHBS100,1,19,ea
C-150/152,6RX1/2THBS,2,30,ea
C-150/152,8RX1/2THBS,3,200,ea
C-150/152,8RX5/8THBS,4,40,ea
C-150/152,10RX1/2THBS,5,25,ea
C-150/152,AN526C832R6,6,16,ea
C-150/152,AN526C832R8,7,37,ea
C-150/152,AN526C1032R8,8,31,ea
C-150/152,MS24693-C28,9,10,ea
C-150/152,MS24693-C273,10,15,ea
C-150/152,NAS1515-H-08L,11,35,ea
C-150/152,NAS1515-H-3L,12,35,ea
C-150/152,DP1085-20SS,13,17,ea
C-170,AN526C832R8,1,52,ea
C-170,AN526C1032R8,2,76,ea
C-170,8RX1/2FHAS100,3,17,ea
C-170,6RX1/2THBS,4,26,ea
C-170,8RX1/2THBS,5,42,ea
C-170,10RX1/2THBS,6,200,ea
C-170,NAS1515-H-08L,7,35,ea
C-170,NAS1515-H-3L,8,35,ea
C-170,DP1085-20SS,9,17,ea
C-172/172RG,MS24693-C28,1,10,ea
C-172/172RG,MS24693-C50,2,14,ea
C-172/172RG,AN526C632R8,3,50,ea
C-172/172RG,AN526C832R8,4,50,ea
C-172/172RG,AN526C1032R8,5,25,ea
C-172/172RG,6RX1/2FHAS100,6,25,ea
C-172/172RG,8RX1/2FHBS100,7,170,ea
C-172/172RG,6RX1/2THBS,8,25,ea
C-172/172RG,8RX1/2THBS,9,170,ea
C-172/172RG,10RX1/2THBS,10,25,ea
C-172/172RG,NAS1515-H-06L,11,35,ea
C-172/172RG,NAS1515-H-08L,12,35,ea
C-172/172RG,NAS1515-H-3L,13,35,ea
C-172/172RG,DP1080-17SS,14,12,ea
C-172/172RG,DP1085-20SS,15,18,ea
C-180/185,AN526C832R8,1,82,ea
C-180/185,AN526C1032R8,2,45,ea
C-180/185,AN526C1032R12,3,12,ea
C-180/185,MS24693-C28,4,10,ea
C-180/185,MS24693-C50,5,25,ea
C-180/185,MS24693-C272,6,12,ea
C-180/185,6RX1/2THBS,7,27,ea
C-180/185,8RX1/2THBS,8,160,ea
C-180/185,10RX1/2THBS,9,25,ea
C-180/185,8RX1/2FHBS100,10,150,ea
C-180/185,NAS1515-H-08L,11,35,ea
C-180/185,NAS1515-H-3L,12,35,ea
C-180/185,DP1085-20SS,13,18,ea
C-182/182RG,AN526C832R6,1,82,ea
C-182/182RG,AN526C832R8,2,82,ea
C-182/182RG,AN526C832R12,3,6,ea
C-182/182RG,AN526C1032R8,4,44,ea
C-182/182RG,AN526C1032R10,5,12,ea
C-182/182RG,MS24693-C28,6,10,ea
C-182/182RG,MS24693-C50,7,57,ea
C-182/182RG,MS24693-C272,8,6,ea
C-182/182RG,8RX3/8THAS,9,10,ea
C-182/182RG,8RX1/2THBS,10,175,ea
C-182/182RG,10RX1/2THBS,11,12,ea
C-182/182RG,8RX1/2FHBS100,12,170,ea
C-182/182RG,NAS1515-H-08L,13,35,ea
C-182/182RG,NAS1515-H-3L,14,35,ea
C-182/182RG,DP1085-20SS,15,16,ea
C-206/207,8RX1/2FHBS100,1,190,ea
C-206/207,6RX1/2THBS,2,25,ea
C-206/207,8RX1/2THBS,3,170,ea
C-206/207,10RX1/2THBS,4,25,ea
C-206/207,AN526C832R8,5,34,ea
C-206/207,AN526C1032R10,6,12,ea
C-206/207,AN526C1032R8,7,21,ea
C-206/207,MS24693-C270,8,100,ea
C-206/207,MS24693-C6,9,21,ea
C-206/207,MS24693-C28,10,11,ea
C-206/207,DP1085-20SS,11,18,ea
C-206/207,NAS1515-H-06L,12,35,ea
C-206/207,NAS1515-H-08L,13,35,ea
C-206/207,NAS1515-H-3L,14,35,ea
C-208,MS24693-C48,1,220,ea
C-208,MS24693-C50,2,60,ea
C-208,MS24693BB50,3,30,ea
C-208,MS24693-C270,4,15,ea
C-208,MS24694-C9,5,20,ea
C-208,MS24694-C52,6,8,ea
C-208,MS24693-C3,7,19,ea
C-208,MS24694-C4,8,100,ea
C-208,MS24694-C7,9,6,ea
C-208,MS24694-C49,10,78,ea
C-208,MS24694-C59,11,1,ea
C-208,MS24694-C55,12,1,ea
C-208,MS24694-C56,13,9,ea
C-208,MS24694-C57,14,6,ea
C-208,MS24694-C58,15,10,ea
C-208,AN526-1032R28,16,25,ea
C-208,AN525-10R6,17,200,ea
C-208,AN525-10R7,18,30,ea
C-208,AN525-10R8,19,120,ea
C-208,AN525-10R12,20,10,ea
C-208,AN525-10R14,21,10,ea
C-208,AN525-832R6,22,52,ea
C-208,AN525-832R7,23,22,ea
C-208,8RX1/2FHBS100,24,100,ea
C-208,MS27039-C0805,25,8,ea
C-210,6RX1/2THBS,1,25,ea
C-210,8RX1/2THBS,2,165,ea
C-210,10RX1/2THBS,3,25,ea
C-210,8RX1/2FHAS100,4,112,ea
C-210,AN526C832R8,5,103,ea
C-210,AN526C1032R8,6,20,ea
C-210,MS24693-C26,7,63,ea
C-210,MS24693-C28,8,10,ea
C-210,MS24693-C272,9,163,ea
C-210,MS24693-C50,10,84,ea
C-210,DP1085-20SS,11,17,ea
C-210,DP1080-17SS,12,26,ea
C-210,NAS1515-H-08L,13,35,ea
C-210,NAS1515-H-3L,14,35,ea
C-310-1,6RX1/2THBS,1,26,ea
C-310-1,8RX1/2THBS,2,100,ea
C-310-1,10RX1/2THBS,3,36,ea
C-310-1,MS24693-C28,4,105,ea
C-310-1,MS24693-C29,5,56,ea
C-310-1,MS24693-C49,6,40,ea
C-310-1,MS24693-C50,7,51,ea
C-310-1,MS24693-C272,8,307,ea
C-310-1,AN526C832R8,9,303,ea
C-310-1,AN526C1032R8,10,51,ea
C-310-1,AN526C1032R10,11,55,ea
C-310-1,NAS1515-H-08L,12,100,ea
C-310-1,NAS1515-H-3L,13,100,ea
C-310-2,6RX1/2THBS,1,26,ea
C-310-2,8RX1/2THBS,2,100,ea
C-310-2,10RX1/2THBS,3,36,ea
C-310-2,MS24693-C28,4,105,ea
C-310-2,MS24693-C29,5,56,ea
C-310-2,MS24693-C50,6,51,ea
C-310-2,MS24693-C272,7,307,ea
C-310-2,AN526C632R10,8,40,ea
C-310-2,AN526C832R8,9,450,ea
C-310-2,AN526C1032R8,10,200,ea
C-310-2,AN526C1032R10,11,55,ea
C-310-2,DP1080-17SS,12,30,ea
C-310-2,NAS1515-H-08L,13,100,ea
C-310-2,NAS1515-H-3L,14,100,ea
C-335/340,AN526C632R8,1,100,ea
C-335/340,AN526C832R8,2,375,ea
C-335/340,AN526C1032R8,3,200,ea
C-335/340,MS24693-C50,4,500,ea
C-335/340,MS24693-C272,5,400,ea
C-335/340,MS24693-C273,6,135,ea
C-335/340,6RX1/2THBS,7,25,ea
C-335/340,8RX1/2THBS,8,30,ea
C-335/340,10RX1/2THBS,9,30,ea
C-335/340,8RX1/2FHBS100,10,12,ea
C-335/340,NAS1515-H-08L,11,100,ea
C-335/340,NAS1515-H-3L,12,100,ea
C-335/340,DP1085-20SS,13,30,ea
C-336/337,MS24693-C30,1,10,ea
C-336/337,MS24693-C48,2,40,ea
C-336/337,MS24693-C50,3,100,ea
C-336/337,MS24693-C270,4,100,ea
C-336/337,MS24693-C272,5,100,ea
C-336/337,MS24693-C273,6,220,ea
C-336/337,MS24693-C276,7,50,ea
C-336/337,AN526C832R6,8,60,ea
C-336/337,AN526C832R8,9,80,ea
C-336/337,AN526C1032R8,10,200,ea
C-336/337,AN526C1032R16,11,25,ea
C-336/337,6RX1/2THBS,12,26,ea
C-336/337,6RX5/8THBS,13,12,ea
C-336/337,8RX1/2THBS,14,80,ea
C-336/337,10RX1/2THBS,15,25,ea
C-336/337,8RX5/8FHBS100,16,120,ea
C-336/337,NAS1515-H-08L,17,100,ea
C-336/337,NAS1515-H-3L,18,100,ea
C-336/337,DP1085-20SS,19,50,ea
C-401/402,6RX1/2THBS,1,50,ea
C-401/402,8RX1/2THBS,2,110,ea
C-401/402,10RX1/2THBS,3,30,ea
C-401/402,AN526C632R8,4,50,ea
C-401/402,AN526C632R10,5,60,ea
C-401/402,AN526C832R8,6,225,ea
C-401/402,MS51957-45,7,60,ea
C-401/402,AN526C1032R8,8,70,ea
C-401/402,MS24693-C28,9,110,ea
C-401/402,MS24693-C29,10,10,ea
C-401/402,MS24693-C50,11,410,ea
C-401/402,MS24693-C273,12,915,ea
C-401/402,NAS1515-H-08L,13,100,ea
C-401/402,NAS1515-H-3L,14,100,ea
C-411/414,AN526C632R12,1,50,ea
C-411/414,AN526C832R8,2,165,ea
C-411/414,AN526C832R12,3,50,ea
C-411/414,AN526C1032R8,4,40,ea
C-411/414,MS24693-C28,5,100,ea
C-411/414,MS24693-C29,6,5,ea
C-411/414,MS24693-C50,7,200,ea
C-411/414,MS24693-C272,8,400,ea
C-411/414,MS24693-C273,9,125,ea
C-411/414,MS24693-C274,10,5,ea
C-411/414,6RX1/2THBS,11,40,ea
C-411/414,8RX1/2THBS,12,40,ea
C-411/414,10RX1/2THBS,13,30,ea
C-411/414,NAS1515-H-08L,14,100,ea
C-411/414,NAS1515-H-3L,15,100,ea
C-421,AN526C632R8,1,25,ea
C-421,AN526C832R8,2,200,ea
C-421,AN526C1032R8,3,60,ea
C-421,MS24693-C28,4,100,ea
C-421,MS24693-C30,5,10,ea
C-421,MS24693-C272,6,400,ea
C-421,MS24693-C273,7,140,ea
C-421,6RX1/2THBS,8,25,ea
C-421,8RX1/2THBS,9,10,ea
C-421,10RX1/2THBS,10,25,ea
C-421,NAS1515-H-08L,11,100,ea
C-421,NAS1515-H-3L,12,100,ea
C-421,DP1085-20SS,13,20,ea
C-421,MS24693-C50,14,400,ea
C-AGWAGON,AN526C832R6,1,10,ea
C-AGWAGON,AN526C832R8,2,125,ea
C-AGWAGON,AN526C832R10,3,100,ea
C-AGWAGON,AN526C1032R8,4,25,ea
C-AGWAGON,MS24693-C26,5,25,ea
C-AGWAGON,6RX1/2THBS,6,30,ea
C-AGWAGON,8RX1/2THBS,7,180,ea
C-AGWAGON,10RX1/2THBS,8,30,ea
C-AGWAGON,8RX1/2FHBS100,9,200,ea
C-AGWAGON,DP1080-17SS,10,15,ea
C-AGWAGON,DP1085-20SS,11,16,ea
C-AGWAGON,NAS1515-H-08L,12,35,ea
C-AGWAGON,NAS1515-H-3L,13,35,ea
C100-AF1,SK294290-2-250,1,4,ea
C100-AF1,SK99836S,2,4,ea
C100-EAD3,SK294290-2-180W,1,2,ea
C100-EAD3,SK99836S,2,2,ea
C100-EAD4,SK4002-3SW,1,2,ea
C100-EAD4,SK-NS,2,2,ea
C100-EAD4,SK245A161A,3,2,ea
C100-EAD4,SK-R4GS,4,2,ea
C100-EAD5,SK294290-1-130W,1,2,ea
C100-EAD5,SK99836S,2,2,ea
C100-EAD5,AN960PD516L,3,2,ea
C100-EPD1P,82-19-100-20,1,2,ea
C100-EPD1P,82-32-201-20,2,2,ea
C100-EPD1P,NAS1515-H-3L,3,2,ea
C100-EPD1S,82-11-100-20,1,2,ea
C100-EPD1S,82-32-201-20,2,2,ea
C100-EPD1S,NAS1515-H-3L,3,2,ea
C150-C1,82-11-140-20,1,12,ea
C150-C1,82-11-160-20,2,8,ea
C150-C1,82-11-200-20,3,2,ea
C150-C1,82-32-201-20,4,20,ea
C150-C1,NAS1515-H-3L,5,25,ea
C150-C1P,82-19-140-20,1,12,ea
C150-C1P,82-19-160-20,2,8,ea
C150-C1P,82-19-200-20,3,2,ea
C150-C1P,82-32-201-20,4,20,ea
C150-C1P,NAS1515-H-3L,5,25,ea
C150-FT1,MS27039C0806,1,10,ea
C150-FT1,MS27039C0808,2,25,ea
C150-FT1,MS27039C0809,3,7,ea
C150-FT1,MS27039C0812,4,6,ea
C150-FT1,8RX1/2THBS,5,3,ea
C150-FT1,MS51958-63,6,6,ea
C150-FTLR,MS27039C0808,1,54,ea
C150-FTLR,MS51958-63,2,6,ea
C150-FTLR,8RX1/2THBS,3,3,ea
C150C2800P,SK25S4-3S,1,30,ea
C150C2800P,SK2600-LWS,2,32,ea
C150C2800P,SK213-26D,3,30,ea
C150C2800P,MS20426AD3-4C,4,1,ea
C150C2800P,SSP-32,5,10,ea
C150C2800P,SK28150.DOC,6,1,ea
C152-C1,SK4002-4S,1,10,ea
C152-C1,SK4002-5S,2,14,ea
C152-C1,SK4002-6S,3,3,ea
C152-C1,SK4002-7S,4,8,ea
C152-C1,SK4002-8S,5,2,ea
C152-C1,SK-GS,6,34,ea
C152-C1,SK-R4GS,7,34,ea
C152-C1P,SK40S5-4S,1,10,ea
C152-C1P,SK40S5-5S,2,14,ea
C152-C1P,SK40S5-6S,3,3,ea
C152-C1P,SK40S5-7S,4,8,ea
C152-C1P,SK40S5-8S,5,2,ea
C152-C1P,SK-GS,6,34,ea
C152-C1P,SK-R4GS,7,34,ea
C152-C2,SK4002-4S,1,10,ea
C152-C2,SK4002-5S,2,14,ea
C152-C2,SK4002-6S,3,3,ea
C152-C2,SK4002-7S,4,8,ea
C152-C2,SK4002-8S,5,2,ea
C152-C2,SK-GS,6,34,ea
C152-C2,SK-R4GS,7,35,ea
C152-C2,SK2700-4S,8,2,ea
C152-C2,SK2700-5S,9,2,ea
C152-C2,SK2700-6S,10,2,ea
C152-C2,SK2700-7S,11,2,ea
C152-C2,SK2700-8S,12,2,ea
C152-C2,SK2600-SW,13,12,ea
C152-C2,AN525-416R9,14,8,ea
C152-C2,AN525-832R8,15,20,ea
C152-C2P,SK40S5-4S,1,10,ea
C152-C2P,SK40S5-5S,2,14,ea
C152-C2P,SK40S5-6S,3,6,ea
C152-C2P,SK40S5-7S,4,8,ea
C152-C2P,SK40S5-8S,5,2,ea
C152-C2P,SK-GS,6,34,ea
C152-C2P,SK-R4GS,7,35,ea
C152-C2P,SK27S3-4S,8,4,ea
C152-C2P,SK27S3-5S,9,2,ea
C152-C2P,SK27S3-6S,10,2,ea
C152-C2P,SK27S3-7S,11,2,ea
C152-C2P,SK27S3-8S,12,2,ea
C152-C2P,SK2600-SW,13,20,ea
C152-C2P,AN525-416R9,14,8,ea
C152-C2P,AN525-832R8,15,20,ea
C172-C1,82-11-100-20,1,1,ea
C172-C1,82-11-120-20,2,27,ea
C172-C1,82-11-140-20,3,4,ea
C172-C1,82-11-180-20,4,2,ea
C172-C1,82-32-201-20,5,30,ea
C172-C1,AN526C832R8,6,25,ea
C172-C1,MS24693-C50,7,25,ea
C172-C1,DP1080-17SS,8,25,ea
C172-C1,NAS1515-H-3L,9,100,ea
C172-C1P,82-19-100-20,1,1,ea
C172-C1P,82-19-120-20,2,27,ea
C172-C1P,82-19-140-20,3,4,ea
C172-C1P,82-19-180-20,4,2,ea
C172-C1P,82-32-201-20,5,30,ea
C172-C1P,AN526C832R8,6,25,ea
C172-C1P,MS24693-C50,7,25,ea
C172-C1P,DP1080-17SS,8,25,ea
C172-C1P,NAS1515-H-3L,9,100,ea
C172-C2,82-11-100-20,1,1,ea
C172-C2,82-11-120-20,2,27,ea
C172-C2,82-11-140-20,3,4,ea
C172-C2,82-11-180-20,4,2,ea
C172-C2,82-32-201-20,5,30,ea
C172-C2,SK4002-6S,6,8,ea
C172-C2,SK-HS,7,8,ea
C172-C2,SK-GS,8,8,ea
C172-C2,AN526C832R8,9,25,ea
C172-C2,MS24693-C50,10,25,ea
C172-C2,DP1080-17SS,11,25,ea
C172-C2,NAS1515-H-3L,12,100,ea
C172-C2P,82-19-100-20,1,1,ea
C172-C2P,82-19-120-20,2,27,ea
C172-C2P,82-19-140-20,3,4,ea
C172-C2P,82-19-180-20,4,2,ea
C172-C2P,82-32-201-20,5,30,ea
C172-C2P,SK40S5-6S,6,8,ea
C172-C2P,SK-HS,7,8,ea
C172-C2P,SK-R4GS,8,8,ea
C172-C2P,AN526C832R8,9,25,ea
C172-C2P,MS24693-C50,10,25,ea
C172-C2P,DP1080-17SS,11,25,ea
C172-C2P,NAS1515-H-3L,12,100,ea
C172-C3,SK2700-3S,1,11,ea
C172-C3,SK2700-5S,2,13,ea
C172-C3,SK2700-6S,3,5,ea
C172-C3,SK27S5-1S,4,30,ea
C172-C3,SK4002-6S,5,8,ea
C172-C3,SK-HS,6,8,ea
C172-C3,SK-R4GS,7,8,ea
C172-C3,AN526C832R8,8,25,ea
C172-C3,AN526C832R10,9,25,ea
C172-C3,MS24693-C50,10,25,ea
C172-C3,MS24693-C272,11,25,ea
C172-C3,DP1080-17SS,12,25,ea
C172-C3P,SK27S3-3S,1,11,ea
C172-C3P,SK27S3-5S,2,13,ea
C172-C3P,SK27S3-6S,3,5,ea
C172-C3P,SK27S5-1S,4,30,ea
C172-C3P,SK40S5-6S,5,8,ea
C172-C3P,SK-HS,6,8,ea
C172-C3P,SK-R4GS,7,8,ea
C172-C3P,AN526C832R8,8,25,ea
C172-C3P,AN526C832R10,9,25,ea
C172-C3P,MS24693-C50,10,25,ea
C172-C3P,MS24693-C272,11,25,ea
C172-C3P,DP1080-17SS,12,25,ea
C172-C4,SK4002-2S,1,11,ea
C172-C4,SK4002-5S,2,10,ea
C172-C4,SK4002-6S,3,2,ea
C172-C4,SK4002-7S,4,8,ea
C172-C4,SK-HS,5,29,ea
C172-C4,SK-R4GS,6,30,ea
C172-C4,AN526C832R8,7,25,ea
C172-C4,AN526C832R10,8,25,ea
C172-C4,MS24693-C50,9,25,ea
C172-C4,MS24693-C272,10,25,ea
C172-C4,DP1080-17SS,11,25,ea
C172-C4P,SK40S5-2S,1,11,ea
C172-C4P,SK40S5-5S,2,10,ea
C172-C4P,SK40S5-6S,3,2,ea
C172-C4P,SK40S5-7S,4,8,ea
C172-C4P,SK-HS,5,29,ea
C172-C4P,SK-R4GS,6,30,ea
C172-C4P,AN526C832R8,7,25,ea
C172-C4P,AN526C832R10,8,25,ea
C172-C4P,MS24693-C50,9,25,ea
C172-C4P,MS24693-C272,10,25,ea
C172-C4P,DP1080-17SS,11,25,ea
C172-C5,SK4002-4S,1,4,ea
C172-C5,SK4002-5S,2,18,ea
C172-C5,SK4002-6S,3,6,ea
C172-C5,SK4002-7S,4,5,ea
C172-C5,SK4002-8S,5,1,ea
C172-C5,SK4002-9S,6,2,ea
C172-C5,SK4002-10S,7,2,ea
C172-C5,SK-HS,8,31,ea
C172-C5,SK-R4GS,9,31,ea
C172-C5,82-11-100-20,10,1,ea
C172-C5,82-11-140-20,11,10,ea
C172-C5,82-11-160-20,12,4,ea
C172-C5,82-11-180-20,13,3,ea
C172-C5,82-32-201-20,14,20,ea
C172-C5,MS24693-C273,15,50,ea
C172-C5,DP1085-20SS,16,50,ea
C172-C5,NAS1515-H-3L,17,20,ea
C172-C5P,SK40S5-4S,1,4,ea
C172-C5P,SK40S5-5S,2,18,ea
C172-C5P,SK40S5-6S,3,6,ea
C172-C5P,SK40S5-7S,4,5,ea
C172-C5P,SK40S5-8S,5,1,ea
C172-C5P,SK40S5-9S,6,2,ea
C172-C5P,SK40S5-10S,7,2,ea
C172-C5P,SK-HS,8,31,ea
C172-C5P,SK-R4GS,9,31,ea
C172-C5P,82-19-100-20,10,1,ea
C172-C5P,82-19-140-20,11,10,ea
C172-C5P,82-19-160-20,12,4,ea
C172-C5P,82-19-180-20,13,1,ea
C172-C5P,82-32-201-20,14,20,ea
C172-C5P,MS24693-C273,15,50,ea
C172-C5P,DP1085-20SS,16,50,ea
C172-C5P,NAS1515-H-3L,17,20,ea
C172-C6,SK4002-4S,1,32,ea
C172-C6,SK4002-5S,2,4,ea
C172-C6,SK4002-6S,3,6,ea
C172-C6,SK4002-8S,4,4,ea
C172-C6,SK-HS,5,42,ea
C172-C6,SK-R4GS,6,43,ea
C172-C6,MS24693-C272,7,25,ea
C172-C6,DP1085-20SS,8,10,ea
C172-C6P,SK40S5-4S,1,32,ea
C172-C6P,SK40S5-5S,2,4,ea
C172-C6P,SK40S5-6S,3,6,ea
C172-C6P,SK40S5-8S,4,4,ea
C172-C6P,SK-HS,5,42,ea
C172-C6P,SK-R4GS,6,43,ea
C172-C6P,MS24693-C272,7,25,ea
C172-C6P,DP1085-20SS,8,10,ea
C172-C8P,SK40S5-2S,1,13,ea
C172-C8P,SK40S5-3S,2,2,ea
C172-C8P,SK40S5-4S,3,2,ea
C172-C8P,SK40S5-5S,4,10,ea
C172-C8P,SK40S5-6S,5,9,ea
C172-C8P,SK40S5-7S,6,5,ea
C172-C8P,SK40S5-8S,7,4,ea
C172-C8P,SK40S5-9S,8,8,ea
C172-C8P,SK-GS,9,4,ea
C172-C8P,SK-OS,10,20,ea
C172-C8P,SK-O18S,11,3,ea
C172-C8P,SK-NS,12,11,ea
C172-C8P,SK-R4GS,13,40,ea
C172-C8P,AN526C832R8,14,10,ea
C172-FT1,MS27039C0808,1,45,ea
C172-FT1,MS27039C0812,2,19,ea
C172-FT1,MS51958-63,3,6,ea
C172-FT1,10RX3/4THBS,4,2,ea
C172-FT1,8RX1/2THBS,5,8,ea
C172C2800P,SK25S4-3S,1,43,ea
C172C2800P,SK2600-LWS,2,45,ea
C172C2800P,SK213-26D,3,43,ea
C172C2800P,MS20426AD3-4C,4,1,ea
C172C2800P,SSP-32,5,10,ea
C172C2800P,SK28172.DOC,6,1,ea
C175C2800P,SK25S4-3S,1,46,ea
C175C2800P,SK2600-LWS,2,50,ea
C175C2800P,SK213-26D,3,46,ea
C175C2800P,MS20426AD3-4C,4,1,ea
C175C2800P,CCR264SS-3-3,5,10,ea
C175C2800P,SK28175.DOC,6,1,ea
C177-C1,82-11-100-20,1,1,ea
C177-C1,82-11-140-20,2,24,ea
C177-C1,82-11-160-20,3,4,ea
C177-C1,82-32-201-20,4,26,ea
C177-C1,AN526C832R8,5,25,ea
C177-C1,AN526C832R10,6,25,ea
C177-C1,NAS1515-H-3L,7,25,ea
C177-C1P,82-19-100-20,1,1,ea
C177-C1P,82-19-140-20,2,24,ea
C177-C1P,82-19-160-20,3,4,ea
C177-C1P,82-32-201-20,4,26,ea
C177-C1P,AN526C832R8,5,25,ea
C177-C1P,AN526C832R10,6,25,ea
C177-C1P,NAS1515-H-3L,7,25,ea
C180-C1,SK4002-4S,1,33,ea
C180-C1,SK4002-3S,2,2,ea
C180-C1,SK4002-6S,3,2,ea
C180-C1,SK-HS,4,31,ea
C180-C1,SK-GS,5,2,ea
C180-C1,SK-R4GS,6,35,ea
C180-C1,SK244C16C2032,7,2,ea
C180-C1,SKAJ5-40SS,8,1,ea
C180-C1,SKGA5-375,9,1,ea
C180-C1P,SK40S5-3S,1,2,ea
C180-C1P,SK40S5-4S,2,33,ea
C180-C1P,SK40S5-6S,3,2,ea
C180-C1P,SK-GS,4,2,ea
C180-C1P,SK-HS,5,31,ea
C180-C1P,SK-R4GS,6,35,ea
C180-C1P,SK244C16C2032,7,2,ea
C180-C1P,SKGA5-375,8,1,ea
C180-C1P,SKAJ5-40SS,9,1,ea
C180-C2,SK4002-3S,1,2,ea
C180-C2,SK4002-4S,2,30,ea
C180-C2,SK4002-6S,3,2,ea
C180-C2,SK-HS,4,30,ea
C180-C2,SK-GS,5,2,ea
C180-C2,SK-R4GS,6,32,ea
C180-C2,SK244C16C2032,7,1,ea
C180-C2,SKAJ5-40SS,8,1,ea
C180-C2,SKGA5-375,9,1,ea
C180-C2P,SK40S5-3S,1,2,ea
C180-C2P,SK40S5-4S,2,30,ea
C180-C2P,SK40S5-6S,3,2,ea
C180-C2P,SK-GS,4,2,ea
C180-C2P,SK-HS,5,30,ea
C180-C2P,SK-R4GS,6,32,ea
C180-C2P,SK244C16C2032,7,2,ea
C180-C2P,SKAJ5-40SS,8,1,ea
C180-C2P,SKGA5-375,9,1,ea
C180-FT1,MS27039C4-07,1,16,ea
C180-FT1,8RX1/2FHBS100,2,7,ea
C180-FT1,8RX1/2THBS,3,8,ea
C180-FT1,MS24693-C293,4,16,ea
C180-FT2,MS24694-C48,1,48,ea
C180-FT2,MS24693-C293,2,32,ea
C180C2800P,SK25S4-3S,1,46,ea
C180C2800P,SK2600-LWS,2,50,ea
C180C2800P,SK213-26D,3,46,ea
C180C2800P,MS20426AD3-4C,4,1,ea
C180C2800P,CCR264SS-3-3,5,10,ea
C180C2800P,SK28180.DOC,6,1,ea
C182-C1,SK4002-3S,1,2,ea
C182-C1,SK4002-4S,2,33,ea
C182-C1,SK4002-6S,3,2,ea
C182-C1,SK-GS,4,2,ea
C182-C1,SK-HS,5,31,ea
C182-C1,SK-R4GS,6,31,ea
C182-C1P,SK40S5-3S,1,2,ea
C182-C1P,SK40S5-4S,2,33,ea
C182-C1P,SK40S5-6S,3,2,ea
C182-C1P,SK-GS,4,2,ea
C182-C1P,SK-HS,5,31,ea
C182-C1P,SK-R4GS,6,31,ea
C182-C2,SK4002-4S,1,30,ea
C182-C2,SK4002-5S,2,4,ea
C182-C2,SK4002-6S,3,2,ea
C182-C2,SK-HS,4,30,ea
C182-C2,SK-R4GS,5,30,ea
C182-C2P,SK40S5-4S,1,30,ea
C182-C2P,SK40S5-5S,2,4,ea
C182-C2P,SK40S5-6S,3,2,ea
C182-C2P,SK-HS,4,30,ea
C182-C2P,SK-R4GS,5,30,ea
C182-C3,SK4002-4S,1,30,ea
C182-C3,SK4002-5S,2,4,ea
C182-C3,SK4002-6S,3,2,ea
C182-C3,SK-HS,4,30,ea
C182-C3,SK-R4GS,5,30,ea
C182-C3P,SK40S5-4S,1,30,ea
C182-C3P,SK40S5-5S,2,4,ea
C182-C3P,SK40S5-6S,3,2,ea
C182-C3P,SK-HS,4,30,ea
C182-C3P,SK-R4GS,5,30,ea
C182-C3P,SK244C16C2032,6,2,ea
C182-C3P,SKAJ5-40SS,7,1,ea
C182-C3P,SKGA5-375,8,1,ea
C182-C4,SK4002-4S,1,3,ea
C182-C4,SK4002-5S,2,9,ea
C182-C4,SK4002-6S,3,2,ea
C182-C4,SK4002-7S,4,2,ea
C182-C4,SK-HS,5,12,ea
C182-C4,SK-R4GS,6,12,ea
C182-C4,SK2700-3S,7,6,ea
C182-C4,SK2700-4S,8,5,ea
C182-C4,SK2700-6S,9,1,ea
C182-C4,SK2700-7S,10,2,ea
C182-C4,SK2600-SW,11,15,ea
C182-C4,AN526C1032R8,12,10,ea
C182-C4,NAS1515-H-3L,13,10,ea
C182-C4P,SK40S5-4S,1,3,ea
C182-C4P,SK40S5-5S,2,9,ea
C182-C4P,SK40S5-6S,3,2,ea
C182-C4P,SK40S5-7S,4,2,ea
C182-C4P,SK-HS,5,12,ea
C182-C4P,SK-R4GS,6,12,ea
C182-C4P,SK27S3-3S,7,6,ea
C182-C4P,SK27S3-4S,8,5,ea
C182-C4P,SK27S3-6S,9,1,ea
C182-C4P,SK27S3-7S,10,2,ea
C182-C4P,SK2600-SW,11,15,ea
C182-C4P,AN526C1032R8,12,10,ea
C182-C4P,NAS1515-H-3L,13,10,ea
C182-C5,SK4002-2S,1,4,ea
C182-C5,SK4002-3S,2,18,ea
C182-C5,SK4002-4S,3,11,ea
C182-C5,SK4002-5S,4,8,ea
C182-C5,SK4002-6S,5,4,ea
C182-C5,SK4002-7S,6,2,ea
C182-C5,SK4002-8S,7,2,ea
C182-C5,SK-GS,8,30,ea
C182-C5,SK-HS,9,12,ea
C182-C5,SK-R4GS,10,44,ea
C182-C5,MS24693-C272,11,25,ea
C182-C5,DP1085-20SS,12,25,ea
C182-C5P,SK40S5-2S,1,4,ea
C182-C5P,SK40S5-3S,2,18,ea
C182-C5P,SK40S5-4S,3,11,ea
C182-C5P,SK40S5-5S,4,8,ea
C182-C5P,SK40S5-6S,5,4,ea
C182-C5P,SK40S5-7S,6,2,ea
C182-C5P,SK40S5-8S,7,2,ea
C182-C5P,SK-GS,8,30,ea
C182-C5P,SK-HS,9,12,ea
C182-C5P,SK-R4GS,10,44,ea
C182-C5P,MS24693-C272,11,25,ea
C182-C5P,DP1085-20SS,12,25,ea
C182-C6,SK4002-3S,1,11,ea
C182-C6,SK4002-4S,2,20,ea
C182-C6,SK4002-5S,3,22,ea
C182-C6,SK4002-6S,4,8,ea
C182-C6,SK4002-7S,5,2,ea
C182-C6,SK4002-8S,6,2,ea
C182-C6,SK4002-9S,7,1,ea
C182-C6,SK-GS,8,4,ea
C182-C6,SK-NS,9,54,ea
C182-C6,SK-OS,10,44,ea
C182-C6,SK-R4GS,11,54,ea
C182-C6,MS24693-C49,12,10,ea
C182-C6,MS24693-C50,13,20,ea
C182-C6,DP1080-17SS,14,25,ea
C182-C6,MS24693-C4,15,25,ea
C182-C6,MS24694-C49,16,1,ea
C182-C6,MS24694-C50,17,35,ea
C182-C6P,SK40S5-3S,1,11,ea
C182-C6P,SK40S5-4S,2,20,ea
C182-C6P,SK40S5-5S,3,22,ea
C182-C6P,SK40S5-6S,4,8,ea
C182-C6P,SK40S5-7S,5,2,ea
C182-C6P,SK40S5-8S,6,2,ea
C182-C6P,SK40S5-9S,7,1,ea
C182-C6P,SK-GS,8,4,ea
C182-C6P,SK-NS,9,54,ea
C182-C6P,SK-OS,10,44,ea
C182-C6P,SK-R4GS,11,54,ea
C182-C6P,MS24693-C49,12,10,ea
C182-C6P,MS24693-C50,13,20,ea
C182-C6P,DP1080-17SS,14,25,ea
C182-C6P,MS24693-C4,15,25,ea
C182-C6P,MS24694-C49,16,10,ea
C182-C6P,MS24694-C50,17,35,ea
C182-C7,SK4002-3S,1,1,ea
C182-C7,SK4002-4S,2,24,ea
C182-C7,SK4002-5S,3,18,ea
C182-C7,SK4002-6S,4,14,ea
C182-C7,SK4002-7S,5,3,ea
C182-C7,SK4002-8S,6,4,ea
C182-C7,SK4002-9S,7,4,ea
C182-C7,SK-GS,8,4,ea
C182-C7,SK-NS,9,2,ea
C182-C7,SK-OS,10,44,ea
C182-C7,SK-R4GS,11,60,ea
C182-C7,MS24693-C49,12,10,ea
C182-C7,MS24693-C50,13,20,ea
C182-C7,DP1080-17SS,14,25,ea
C182-C7P,SK40S5-3S,1,1,ea
C182-C7P,SK40S5-4S,2,24,ea
C182-C7P,SK40S5-5S,3,18,ea
C182-C7P,SK40S5-6S,4,14,ea
C182-C7P,SK40S5-7S,5,3,ea
C182-C7P,SK40S5-8S,6,4,ea
C182-C7P,SK40S5-9S,7,4,ea
C182-C7P,SK-GS,8,4,ea
C182-C7P,SK-NS,9,2,ea
C182-C7P,SK-OS,10,44,ea
C182-C7P,SK-R4GS,11,60,ea
C182-FT1,MS27039C4-07,1,16,ea
C182-FT1,8RX1/2FHBS100,2,7,ea
C182-FT1,8RX1/2THBS,3,8,ea
C182-FT1,MS24693-C293,4,16,ea
C182-FT2,MS24694-C48,1,8,ea
C182-FT2,MS24693-C293,2,16,ea
C182-FT2LR,MS24694-C48,1,16,ea
C182-FT2LR,MS24693-C293,2,32,ea
C182-FT3,AN525C10R8,1,60,ea
C182C2800P,SK25S4-3S,1,46,ea
C182C2800P,SK2600-LWS,2,50,ea
C182C2800P,SK213-26D,3,46,ea
C182C2800P,MS20426AD3-4C,4,1,ea
C182C2800P,CCR264SS-3-3,5,10,ea
C182C2800P,SK28182.DOC,6,1,ea
C188-C1,SK4002-4S,1,25,ea
C188-C1,SK4002-5S,2,12,ea
C188-C1,SK4002-6S,3,6,ea
C188-C1,SK4002-4SW,4,2,ea
C188-C1,SK-HS,5,27,ea
C188-C1,SK-NS,6,13,ea
C188-C1,SK-R4GS,7,40,ea
C188-C1,SK244C16C2032,8,2,ea
C188-C1,SKAJ4-30SS,9,4,ea
C188-C1,SKAJ4-40SS,10,20,ea
C188-C1P,SK4002-4SW,1,2,ea
C188-C1P,SK40S5-4S,2,25,ea
C188-C1P,SK40S5-5S,3,12,ea
C188-C1P,SK40S5-6S,4,6,ea
C188-C1P,SK-HS,5,27,ea
C188-C1P,SK-NS,6,13,ea
C188-C1P,SK-R4GS,7,40,ea
C188-C1P,SK244C16C2032,8,2,ea
C188-C1P,SKAJ4-30SS,9,4,ea
C188-C1P,SKAJ4-40SS,10,20,ea
C188-C1P,GP4B,11,24,ea
C188-RSP1,SKFJ4-30SS,1,4,ea
C188-RSP1,SKFJ4-40SS,2,20,ea
C188-RSP1,NAS1515-H-3L,3,45,ea
C200-2800,SK2800-2S,1,31,ea
C200-2800,SK213-2,2,31,ea
C200-2800,SK2600-LWS,3,35,ea
C200-2800,MS20426AD3-4,4,1.5,oz
C200-28S3,SK28S3-2S,1,31,ea
C200-28S3,SK213-2,2,31,ea
C200-28S3,SK2600-LWS,3,35,ea
C200-28S3,MS20426AD3-4C,4,1,ea
C205-C1,SK4002-3S,1,27,ea
C205-C1,SK4002-5S,2,7,ea
C205-C1,SK4002-7S,3,6,ea
C205-C1,SK-GS,4,31,ea
C205-C1,SK-R4GS,5,32,ea
C205-C1,NAS1515-H-3L,6,25,ea
C205-C1,82-11-100-20,7,2,ea
C205-C1,82-32-201-20,8,2,ea
C205-C1,MS24693-C272,9,50,ea
C205-C1,MS24693-C273,10,50,ea
C205-C1,DP1085-20SS,11,100,ea
C205-C1P,SK40S5-3S,1,27,ea
C205-C1P,SK40S5-5S,2,7,ea
C205-C1P,SK40S5-7S,3,6,ea
C205-C1P,SK-GS,4,31,ea
C205-C1P,SK-R4GS,5,32,ea
C205-C1P,82-19-100-20,6,2,ea
C205-C1P,82-32-201-20,7,2,ea
C205-C1P,NAS1515-H-3L,8,25,ea
C205-C1P,MS24693-C272,9,50,ea
C205-C1P,MS24693-C273,10,50,ea
C205-C1P,DP1085-20SS,11,100,ea
C206-C1,SK4002-3S,1,8,ea
C206-C1,SK4002-5S,2,24,ea
C206-C1,SK4002-7S,3,4,ea
C206-C1,SK-NS,4,34,ea
C206-C1,SK-R4GS,5,34,ea
C206-C1,82-11-100-20,6,2,ea
C206-C1,82-32-201-20,7,2,ea
C206-C1,NAS1515-H-3L,8,25,ea
C206-C1,MS24693-C272,9,25,ea
C206-C1,MS24693-C273,10,25,ea
C206-C1,DP1085-20SS,11,50,ea
C206-C1P,SK40S5-3S,1,8,ea
C206-C1P,SK40S5-5S,2,24,ea
C206-C1P,SK40S5-7S,3,4,ea
C206-C1P,SK-NS,4,34,ea
C206-C1P,SK-R4GS,5,34,ea
C206-C1P,82-19-100-20,6,2,ea
C206-C1P,82-32-201-20,7,2,ea
C206-C1P,NAS1515-H-3L,8,25,ea
C206-C1P,MS24693-C272,9,25,ea
C206-C1P,MS24693-C273,10,25,ea
C206-C1P,DP1085-20SS,11,50,ea
C206-C2P,SK40S5-3S,1,17,ea
C206-C2P,SK40S5-4S,2,9,ea
C206-C2P,SK40S5-5S,3,4,ea
C206-C2P,SK40S5-6S,4,10,ea
C206-C2P,SK40S5-7S,5,12,ea
C206-C2P,SK40S5-8S,6,2,ea
C206-C2P,SK-NS,7,2,ea
C206-C2P,SK-OS,8,30,ea
C206-C2P,SK-R4GS,9,30,ea
C206-C2P,AN526C832R10,10,40,ea
C206-FT1,MS24694-C48,1,8,ea
C206-FT1,MS24693-C293,2,16,ea
C206-FT1LR,MS24694-C48,1,16,ea
C206-FT1LR,MS24693-C293,2,32,ea
C207-C1,SK4002-3S,1,27,ea
C207-C1,SK4002-5S,2,7,ea
C207-C1,SK4002-7S,3,6,ea
C207-C1,SK-GS,4,31,ea
C207-C1,SK-R4GS,5,31,ea
C207-C1,82-11-100-20,6,2,ea
C207-C1,82-14-100-20,7,1,ea
C207-C1,82-32-201-20,8,3,ea
C207-C1,NAS1515-H-3L,9,25,ea
C207-C1,MS24693-C272,10,50,ea
C207-C1,MS24693-C273,11,50,ea
C207-C1,DP1085-20SS,12,100,ea
C207-C1P,SK40S5-3S,1,27,ea
C207-C1P,SK40S5-5S,2,7,ea
C207-C1P,SK40S5-7S,3,6,ea
C207-C1P,SK-GS,4,31,ea
C207-C1P,SK-R4GS,5,32,ea
C207-C1P,82-19-100-20,6,2,ea
C207-C1P,82-32-201-20,7,3,ea
C207-C1P,NAS1515-H-3L,8,25,ea
C207-C1P,MS24693-C272,9,50,ea
C207-C1P,MS24693-C273,10,50,ea
C207-C1P,DP1085-20SS,11,100,ea
C208-C1P,SK40S5-4S,1,29,ea
C208-C1P,SK40S5-5S,2,13,ea
C208-C1P,SK40S5-8S,3,9,ea
C208-C1P,SK40S5-9S,4,9,ea
C208-C1P,SK40S5-10S,5,3,ea
C208-C1P,SK-GS,6,21,ea
C208-C1P,SK-HS,7,44,ea
C208-C1P,SK-R4GS,8,66,ea
C210-C1,SK4002-3S,1,27,ea
C210-C1,SK4002-5S,2,7,ea
C210-C1,SK4002-7S,3,6,ea
C210-C1,SK-GS,4,31,ea
C210-C1,SK-R4GS,5,32,ea
C210-C1,82-19-120-20,6,2,ea
C210-C1,82-32-201-20,7,2,ea
C210-C1,NAS1515-H-3L,8,25,ea
C210-C1,MS24693-C272,9,50,ea
C210-C1,MS24693-C273,10,50,ea
C210-C1,DP1085-20SS,11,100,ea
C210-C1P,SK40S5-3S,1,27,ea
C210-C1P,SK40S5-5S,2,7,ea
C210-C1P,SK40S5-7S,3,6,ea
C210-C1P,SK-GS,4,31,ea
C210-C1P,SK-R4GS,5,32,ea
C210-C1P,82-19-120-20,6,2,ea
C210-C1P,82-32-201-20,7,2,ea
C210-C1P,NAS1515-H-3L,8,25,ea
C210-C1P,MS24693-C272,9,50,ea
C210-C1P,MS24693-C273,10,50,ea
C210-C1P,DP1085-20SS,11,100,ea
C210-C2,SK4002-2S,1,2,ea
C210-C2,SK4002-3S,2,14,ea
C210-C2,SK4002-4S,3,11,ea
C210-C2,SK4002-5S,4,10,ea
C210-C2,SK4002-6S,5,2,ea
C210-C2,SK4002-7S,6,2,ea
C210-C2,SK4002-8S,7,2,ea
C210-C2,SK4002-10S,8,1,ea
C210-C2,SK-GS,9,31,ea
C210-C2,SK-R4GS,10,31,ea
C210-C2,82-11-100-20,11,2,ea
C210-C2,82-32-201-20,12,2,ea
C210-C2,NAS1515-H-3L,13,25,ea
C210-C2,MS24693-C272,14,25,ea
C210-C2,MS24693-C273,15,25,ea
C210-C2,DP1085-20SS,16,50,ea
C210-C2P,SK40S5-2S,1,2,ea
C210-C2P,SK40S5-3S,2,14,ea
C210-C2P,SK40S5-4S,3,11,ea
C210-C2P,SK40S5-5S,4,10,ea
C210-C2P,SK40S5-6S,5,2,ea
C210-C2P,SK40S5-7S,6,2,ea
C210-C2P,SK40S5-8S,7,2,ea
C210-C2P,SK40S5-10S,8,1,ea
C210-C2P,SK-GS,9,31,ea
C210-C2P,SK-R4GS,10,31,ea
C210-C2P,82-19-100-20,11,2,ea
C210-C2P,82-32-201-20,12,2,ea
C210-C2P,NAS1515-H-3L,13,25,ea
C210-C2P,MS24693-C272,14,25,ea
C210-C2P,MS24693-C273,15,25,ea
C210-C2P,DP1085-20SS,16,50,ea
C210-C3,SK4002-3S,1,8,ea
C210-C3,SK4002-4S,2,2,ea
C210-C3,SK4002-5S,3,28,ea
C210-C3,SK4002-6S,4,4,ea
C210-C3,SK4002-7S,5,4,ea
C210-C3,SK-NS,6,40,ea
C210-C3,SK-R4GS,7,40,ea
C210-C3,82-11-100-20,8,2,ea
C210-C3,82-32-201-20,9,2,ea
C210-C3,NAS1515-H-3L,10,25,ea
C210-C3,MS24693-C272,11,25,ea
C210-C3,MS24693-C273,12,25,ea
C210-C3,DP1085-20SS,13,50,ea
C210-C3P,SK40S5-3S,1,8,ea
C210-C3P,SK40S5-4S,2,2,ea
C210-C3P,SK40S5-5S,3,28,ea
C210-C3P,SK40S5-6S,4,4,ea
C210-C3P,SK40S5-7S,5,4,ea
C210-C3P,SK-NS,6,40,ea
C210-C3P,SK-R4GS,7,40,ea
C210-C3P,82-19-100-20,8,2,ea
C210-C3P,82-32-201-20,9,2,ea
C210-C3P,NAS1515-H-3L,10,25,ea
C210-C3P,MS24693-C272,11,25,ea
C210-C3P,MS24693-C273,12,25,ea
C210-C3P,DP1085-20SS,13,50,ea
C210-C4,SK4002-3S,1,8,ea
C210-C4,SK4002-5S,2,24,ea
C210-C4,SK4002-7S,3,4,ea
C210-C4,SK-NS,4,34,ea
C210-C4,SK-R4GS,5,34,ea
C210-C4,82-11-100-20,6,2,ea
C210-C4,82-32-201-20,7,2,ea
C210-C4,NAS1515-H-3L,8,25,ea
C210-C4,MS24693-C272,9,25,ea
C210-C4,MS24693-C273,10,25,ea
C210-C4,DP1085-20SS,11,50,ea
C210-C4P,SK40S5-3S,1,8,ea
C210-C4P,SK40S5-5S,2,24,ea
C210-C4P,SK40S5-7S,3,4,ea
C210-C4P,SK-NS,4,34,ea
C210-C4P,SK-R4GS,5,34,ea
C210-C4P,82-11-100-20,6,2,ea
C210-C4P,82-32-201-20,7,2,ea
C210-C4P,NAS1515-H-3L,8,25,ea
C210-C4P,MS24693-C272,9,25,ea
C210-C4P,MS24693-C273,10,25,ea
C210-C4P,DP1085-20SS,11,50,ea
C210-FT1,MS24694-C48,1,8,ea
C210-FT1,MS24693-C293,2,32,ea
C210-FT1,8RX3/8THBS,3,8,ea
C210-FT2,MS24694-C48,1,16,ea
C210-FT2,MS24693-C293,2,32,ea
C210-FT2LR,MS24694-C48,1,32,ea
C210-FT2LR,MS24693-C293,2,64,ea
C210-FT3,MS24693-C271,1,64,ea
C210-FT4,MS24694-C48,1,48,ea
C210-FT4,MS24693-C51,2,6,ea
C300-BA1,SKFJ4-35SS,1,16,ea
C300-BA1,SKGF4-150,2,16,ea
C300-BA3,SKFJ4-35SS,1,16,ea
C300-BA3,SKGF4-150,2,16,ea
C300-BA3,SKAJ3-25SS,3,12,ea
C300-BA3,SKGA3-200,4,12,ea
C300-NA1P,SK40S5-5S,1,30,ea
C300-NA1P,SK-GS,2,30,ea
C300-NA1P,SK-R4GS,3,30,ea
C300-NA1S,SK4002-5S,1,30,ea
C300-NA1S,SK-GS,2,30,ea
C300-NA1S,SK-R4GS,3,30,ea
C300-NA2,SK294186-2-250,1,12,ea
C300-NA2,SK99836S,2,12,ea
C300-NA3P,SK27S3-3S,1,24,ea
C300-NA3P,SK27S3-5S,2,8,ea
C300-NA3P,SK27S5-1S,3,32,ea
C300-NA3S,SK2700-3S,1,24,ea
C300-NA3S,SK2700-5S,2,8,ea
C300-NA3S,SK27S5-1S,3,32,ea
C300-NA4P,SK27S3-1S,1,32,ea
C300-NA4P,SK2600-LWS,2,32,ea
C300-NA4P,MS24693-C50,3,50,ea
C300-NA4P,MS51957-45,4,50,ea
C300-NA4P,MS51957-46,5,25,ea
C300-NA4S,SK2700-1S,1,32,ea
C300-NA4S,SK2600-LWS,2,32,ea
C300-NA4S,MS24693-C50,3,50,ea
C300-NA4S,MS51957-45,4,50,ea
C300-NA4S,MS51957-46,5,25,ea
C300-OAD1P,SK26S51-2,1,4,ea
C300-OAD1P,SK213-2,2,4,ea
C300-OAD1P,SK2600-LWS,3,4,ea
C300-OAD1S,SK2600-2S,1,4,ea
C300-OAD1S,SK213-2,2,4,ea
C300-OAD1S,SK2600-LWS,3,4,ea
C303-C1,SK4002-3S,1,12,ea
C303-C1,SK4002-4S,2,56,ea
C303-C1,SK4002-5S,3,20,ea
C303-C1,SK-GS,4,82,ea
C303-C1,SK-R4GS,5,82,ea
C303-C1,MS24693-C272,6,100,ea
C303-C1P,SK40S5-3S,1,12,ea
C303-C1P,SK40S5-4S,2,56,ea
C303-C1P,SK40S5-5S,3,20,ea
C303-C1P,SK-GS,4,82,ea
C303-C1P,SK-R4GS,5,82,ea
C303-C1P,MS24693-C272,6,100,ea
C310-C1,SK4002-4S,1,20,ea
C310-C1,SK4002-4SW,2,4,ea
C310-C1,SK4002-5S,3,4,ea
C310-C1,SK-GS,4,24,ea
C310-C1,SK-R4GS,5,25,ea
C310-C1,SKAJ4-30SS,6,4,ea
C310-C1,SKGA4-250,7,4,ea
C310-C1,MS24693-C50,8,25,ea
C310-C1P,SK40S5-4S,1,20,ea
C310-C1P,SK4002-4SW,2,4,ea
C310-C1P,SK40S5-5S,3,4,ea
C310-C1P,SK-GS,4,24,ea
C310-C1P,SK-R4GS,5,25,ea
C310-C1P,SKAJ4-30SS,6,4,ea
C310-C1P,SKGA4-250,7,4,ea
C310-C1P,MS24693-C50,8,25,ea
C310-C2,SK4002-4S,1,54,ea
C310-C2,SK4002-4SW,2,4,ea
C310-C2,SK4002-5S,3,36,ea
C310-C2,SK4002-6S,4,16,ea
C310-C2,SK4002-7S,5,2,ea
C310-C2,SK-GS,6,24,ea
C310-C2,SK-HS,7,46,ea
C310-C2,SK-R4GS,8,70,ea
C310-C2,SK-R4TS,9,38,ea
C310-C2,SKAJ4-30SS,10,4,ea
C310-C2,SKGA4-250,11,4,ea
C310-C2,SK4-225,12,4,ea
C310-C2,MS24693-C272,13,100,ea
C310-C2P,SK40S5-4S,1,54,ea
C310-C2P,SK4002-4SW,2,4,ea
C310-C2P,SK40S5-5S,3,36,ea
C310-C2P,SK40S5-6S,4,16,ea
C310-C2P,SK40S5-7S,5,2,ea
C310-C2P,SK-GS,6,24,ea
C310-C2P,SK-HS,7,46,ea
C310-C2P,SK-R4GS,8,70,ea
C310-C2P,SK-R4TS,9,38,ea
C310-C2P,SKAJ4-30SS,10,4,ea
C310-C2P,SKGA4-250,11,4,ea
C310-C2P,SK4-225,12,4,ea
C310-C2P,MS24693-C272,13,100,ea
C310-C3,SK4002-4S,1,64,ea
C310-C3,SK4002-4SW,2,4,ea
C310-C3,SK4002-5S,3,40,ea
C310-C3,SK4002-6S,4,6,ea
C310-C3,SK4002-7S,5,2,ea
C310-C3,SK-GS,6,64,ea
C310-C3,SK-HS,7,44,ea
C310-C3,SK-R4G,8,25,ea
C310-C3,SK-R4T,9,84,ea
C310-C3,SKAJ4-30SS,10,4,ea
C310-C3,SKGA4-250,11,4,ea
C310-C3,MS24693-C49,12,25,ea
C310-C3,MS24693-C50,13,25,ea
C310-C3,MS51957-28,14,25,ea
C310-C3,AN960C6L,15,25,ea
C310-C3,DP1080-17SS,16,25,ea
C310-C3P,SK40S5-4S,1,64,ea
C310-C3P,SK4002-4SW,2,4,ea
C310-C3P,SK40S5-5S,3,40,ea
C310-C3P,SK40S5-6S,4,6,ea
C310-C3P,SK40S5-7S,5,2,ea
C310-C3P,SK-GS,6,64,ea
C310-C3P,SK-HS,7,44,ea
C310-C3P,SK-R4GS,8,25,ea
C310-C3P,SK-R4TS,9,84,ea
C310-C3P,SKAJ4-30SS,10,4,ea
C310-C3P,SKGA4-250,11,4,ea
C310-C3P,MS24693-C49,12,25,ea
C310-C3P,MS24693-C50,13,25,ea
C310-C3P,MS24693-C272,14,25,ea
C310-C3P,MS51957-28,15,25,ea
C310-C3P,AN960C6L,16,25,ea
C310-C3P,DP1080-17SS,17,25,ea
C310-C5,SK4002-4S,1,64,ea
C310-C5,SK4002-4SW,2,4,ea
C310-C5,SK4002-5S,3,28,ea
C310-C5,SK4002-6S,4,6,ea
C310-C5,SK4002-7S,5,2,ea
C310-C5,SK-GS,6,24,ea
C310-C5,SK-HS,7,64,ea
C310-C5,SK-R4GS,8,45,ea
C310-C5,SK-R4TS,9,42,ea
C310-C5,MS24693-C50,10,25,ea
C310-C5,MS24693-C272,11,50,ea
C310-C5,DP1080-17SS,12,25,ea
C310-C5P,SK40S5-4S,1,64,ea
C310-C5P,SK4002-4SW,2,4,ea
C310-C5P,SK40S5-5S,3,28,ea
C310-C5P,SK40S5-6S,4,6,ea
C310-C5P,SK40S5-7S,5,2,ea
C310-C5P,SK-GS,6,24,ea
C310-C5P,SK-R4GS,7,45,ea
C310-C5P,SK-R4TS,8,42,ea
C310-C5P,MS24693-C50,9,25,ea
C310-C5P,MS24693-C272,10,50,ea
C310-C5P,DP1080-17SS,11,25,ea
C310-C5P,SK-HS,12,64,ea
C310-FT1,MS24694-C49,1,16,ea
C310-FT1,MS51957-45,2,8,ea
C310-FT1,8RX1/2FHBS100,3,8,ea
C310-FT1,MS24693-C293,4,16,ea
C310-FT2,AN526C832R10,1,16,ea
C310-FT2,MS24693-C49,2,8,ea
C310-FT2,MS24693-C293,3,16,ea
C310-FT3,AN525C10R8,1,16,ea
C310-FT3,MS24693-C49,2,16,ea
C310-FT3,MS24694-C95,3,32,ea
C336-C1,SK4002-3S,1,46,ea
C336-C1,SK4002-5S,2,12,ea
C336-C1,SK4002-8S,3,7,ea
C336-C1,SK4002-9S,4,1,ea
C336-C1,SK4002-10S,5,2,ea
C336-C1,SK-GS,6,65,ea
C336-C1,SK-R4GS,7,65,ea
C336-C1,AN3C3A,8,4,ea
C336-C1,MS24693-C271,9,75,ea
C336-C1,MS24693-C272,10,50,ea
C336-C1,MS27039C1-08,11,50,ea
C336-C1,AN960C10L,12,50,ea
C336-C1P,SK40S5-3S,1,46,ea
C336-C1P,SK40S5-5S,2,12,ea
C336-C1P,SK40S5-8S,3,7,ea
C336-C1P,SK40S5-9S,4,1,ea
C336-C1P,SK40S5-10S,5,2,ea
C336-C1P,SK-GS,6,65,ea
C336-C1P,SK-R4GS,7,65,ea
C336-C1P,AN3C3A,8,4,ea
C336-C1P,MS24693-C271,9,75,ea
C336-C1P,MS24693-C272,10,50,ea
C336-C1P,MS27039C1-08,11,50,ea
C336-C1P,AN960C10L,12,50,ea
C337-C1,SK4002-2S,1,10,ea
C337-C1,SK4002-3S,2,10,ea
C337-C1,SK4002-4S,3,69,ea
C337-C1,SK4002-5S,4,8,ea
C337-C1,SK4002-6S,5,10,ea
C337-C1,SK-GS,6,84,ea
C337-C1,SK-R4GS,7,85,ea
C337-C1,82-11-120-20,8,2,ea
C337-C1,82-32-201-20,9,3,ea
C337-C1,MS24693-C271,10,75,ea
C337-C1,MS24693-C272,11,50,ea
C337-C1,MS27039C1-08,12,50,ea
C337-C1,AN960C10L,13,50,ea
C337-C1P,SK40S5-2S,1,10,ea
C337-C1P,SK40S5-3S,2,10,ea
C337-C1P,SK40S5-4S,3,69,ea
C337-C1P,SK40S5-5S,4,8,ea
C337-C1P,SK40S5-6S,5,10,ea
C337-C1P,SK-GS,6,84,ea
C337-C1P,SK-R4GS,7,85,ea
C337-C1P,82-19-120-20,8,2,ea
C337-C1P,82-32-201-20,9,3,ea
C337-C1P,MS24693-C271,10,75,ea
C337-C1P,MS24693-C272,11,50,ea
C337-C1P,MS27039C1-08,12,50,ea
C337-C1P,AN960C10L,13,50,ea
C337-FT1,MS24694-S49,1,26,ea
C337-FT1,MS24694-S50,2,77,ea
C337-FT1,MS24694-S52,3,40,ea
C337-FT1,MS24694-S58,4,12,ea
C340-C1,SK4002-4S,1,90,ea
C340-C1,SK4002-5S,2,40,ea
C340-C1,SK4002-6S,3,12,ea
C340-C1,SK-GS,4,36,ea
C340-C1,SK-HS,5,64,ea
C340-C1,SK-R4GS,6,36,ea
C340-C1,SK-R4TS,7,70,ea
C340-C1P,SK40S5-4S,1,90,ea
C340-C1P,SK40S5-5S,2,40,ea
C340-C1P,SK40S5-6S,3,12,ea
C340-C1P,SK-GS,4,36,ea
C340-C1P,SK-HS,5,64,ea
C340-C1P,SK-R4GS,6,36,ea
C340-C1P,SK-R4TS,7,70,ea
C340-FT1,AN525-10R8,1,16,ea
C340-FT1,MS24694-C49,2,16,ea
C340-FT1,MS24693-C292,3,32,ea
C400-BA1P,SK27S3-2S,1,6,ea
C400-BA1P,SK27S3-4S,2,8,ea
C400-BA1P,SK2600-SW,3,14,ea
C400-BA1S,SK2700-2S,1,6,ea
C400-BA1S,SK2700-4S,2,8,ea
C400-BA1S,SK2600-SW,3,14,ea
C400-BA2P,SK27S3-5S,1,21,ea
C400-BA2P,SK27S3-10S,2,3,ea
C400-BA2P,SK2600-SW,3,24,ea
C400-BA2S,SK2700-5S,1,21,ea
C400-BA2S,SK2700-10S,2,3,ea
C400-BA2S,SK2600-SW,3,24,ea
C400-C1,SK4002-4S,1,64,ea
C400-C1,SK4002-5S,2,24,ea
C400-C1,SK4002-6S,3,2,ea
C400-C1,SK-GS,4,24,ea
C400-C1,SK-HS,5,62,ea
C400-C1,SK-R4GS,6,45,ea
C400-C1,SK-R4TS,7,41,ea
C400-C1,SKAJ4-30SS,8,4,ea
C400-C1,SKGA4-250,9,4,ea
C400-C1,MS24693-C50,10,175,ea
C400-C1,MS24693-C52,11,75,ea
C400-C1,MS27039C0808,12,50,ea
C400-C1,MS27039C1-08,13,25,ea
C400-C1,DP1080-17SS,14,200,ea
C400-C1P,SK40S5-4S,1,64,ea
C400-C1P,SK40S5-5S,2,24,ea
C400-C1P,SK40S5-6S,3,2,ea
C400-C1P,SK-GS,4,24,ea
C400-C1P,SK-HS,5,62,ea
C400-C1P,SK-R4GS,6,45,ea
C400-C1P,SK-R4TS,7,41,ea
C400-C1P,SKAJ3-30SS,8,4,ea
C400-C1P,SKGA4-250,9,4,ea
C400-C1P,MS24693-C50,10,175,ea
C400-C1P,MS24693-C52,11,75,ea
C400-C1P,MS27039C0808,12,50,ea
C400-C1P,MS27039C1-08,13,25,ea
C400-C1P,DP1080-17SS,14,200,ea
C400-C2,SK4002-2S,1,11,ea
C400-C2,SK4002-4S,2,77,ea
C400-C2,SK4002-5S,3,60,ea
C400-C2,SK4002-6S,4,10,ea
C400-C2,SK4002-7S,5,13,ea
C400-C2,SK-GS,6,75,ea
C400-C2,SK-HS,7,76,ea
C400-C2,SK-R4GS,8,113,ea
C400-C2,SK-R4TS,9,41,ea
C400-C2,MS24693-C50,10,175,ea
C400-C2,MS24693-C52,11,75,ea
C400-C2,MS51957-46,12,50,ea
C400-C2,DP1080-17SS,13,200,ea
C400-C2,NAS1515-H-08L,14,100,ea
C400-C2,MS27039C0808,15,50,ea
C400-C2,MS27039C1-08,16,25,ea
C400-C2P,SK40S5-2S,1,11,ea
C400-C2P,SK40S5-4S,2,77,ea
C400-C2P,SK40S5-5S,3,60,ea
C400-C2P,SK40S5-6S,4,10,ea
C400-C2P,SK40S5-7S,5,13,ea
C400-C2P,SK-GS,6,75,ea
C400-C2P,SK-HS,7,76,ea
C400-C2P,SK-R4GS,8,113,ea
C400-C2P,SK-R4TS,9,41,ea
C400-C2P,MS24693-C50,10,175,ea
C400-C2P,MS24693-C52,11,75,ea
C400-C2P,MS51957-46,12,50,ea
C400-C2P,DP1080-17SS,13,200,ea
C400-C2P,NAS1515-H-08L,14,100,ea
C400-C2P,MS27039C0808,15,50,ea
C400-C2P,MS27039C1-08,16,25,ea
C400-CP1P,SK40S5-4S,1,24,ea
C400-CP1P,SK-GS,2,24,ea
C400-CP1P,SK-R4GS,3,24,ea
C400-CP1S,SK4002-4S,1,24,ea
C400-CP1S,SK-GS,2,24,ea
C400-CP1S,SK-R4GS,3,24,ea
C400-CP2P,SK27S3-2S,1,28,ea
C400-CP2P,SK2600-SW,2,28,ea
C400-CP2S,SK2700-2S,1,28,ea
C400-CP2S,SK2600-SW,2,28,ea
C400-FT1,MS27039C1-08,1,16,ea
C400-FT1,MS24693-C49,2,16,ea
C400-FT1,MS24694-C48,3,16,ea
C400-FT1,MS24694-C95,4,32,ea
C400-NF1,SKAJ3-25SS,1,10,ea
C400-NF1,SKGA3-200,2,10,ea
C400-NF1,SKFJ4-35SS,3,12,ea
C400-NF1,SKGF4-150,4,12,ea
C400-NP1P,SK27S3-3S,1,27,ea
C400-NP1P,SK27S3-4S,2,11,ea
C400-NP1P,SK2600-SW,3,38,ea
C400-NP1S,SK2700-3S,1,27,ea
C400-NP1S,SK2700-4S,2,11,ea
C400-NP1S,SK2600-SW,3,38,ea
C400-NP2P,SK27S3-4S,1,14,ea
C400-NP2P,SK27S3-5S,2,12,ea
C400-NP2P,SK27S3-6S,3,10,ea
C400-NP2P,SK2600-SW,4,38,ea
C400-NP2S,SK2700-4S,1,14,ea
C400-NP2S,SK2700-5S,2,12,ea
C400-NP2S,SK2700-6S,3,10,ea
C400-NP2S,SK2700-7S,4,2,ea
C400-NP2S,SK2600-SW,5,38,ea
C400-NP3P,SK27S3-2S,1,6,ea
C400-NP3P,SK27S3-3S,2,15,ea
C400-NP3P,SK27S3-5S,3,17,ea
C400-NP3P,SK2600-SW,4,38,ea
C400-NP3S,SK2700-2S,1,6,ea
C400-NP3S,SK2700-3S,2,15,ea
C400-NP3S,SK2700-5S,3,17,ea
C400-NP3S,SK2600-SW,4,38,ea
C400-NP4P,SK27S3-2S,1,6,ea
C400-NP4P,SK27S3-3S,2,17,ea
C400-NP4P,SK27S3-5S,3,7,ea
C400-NP4P,SK2600-SW,4,30,ea
C400-NP4S,SK2700-2S,1,6,ea
C400-NP4S,SK2700-3S,2,17,ea
C400-NP4S,SK2700-5S,3,7,ea
C400-NP4S,SK2600-SW,4,30,ea
C400-NP5P,SK27S3-2S,1,2,ea
C400-NP5P,SK27S3-3S,2,14,ea
C400-NP5P,SK27S3-5S,3,6,ea
C400-NP5P,SK27S3-6S,4,10,ea
C400-NP5P,SK27S3-7S,5,2,ea
C400-NP5P,SK2600-SW,6,38,ea
C400-NP5S,SK2700-2S,1,2,ea
C400-NP5S,SK2700-3S,2,14,ea
C400-NP5S,SK2700-4S,3,6,ea
C400-NP5S,SK2700-5S,4,6,ea
C400-NP5S,SK2700-6S,5,10,ea
C400-NP5S,SK2700-7S,6,2,ea
C400-NP5S,SK2600-SW,7,38,ea
C400-NP6P,SK27S3-3S,1,6,ea
C400-NP6P,SK27S3-4S,2,9,ea
C400-NP6P,SK27S3-5S,3,6,ea
C400-NP6P,SK27S3-6S,4,7,ea
C400-NP6P,SK27S3-7S,5,2,ea
C400-NP6P,SK2600-SW,6,30,ea
C400-NP6S,SK2700-3S,1,6,ea
C400-NP6S,SK2700-4S,2,9,ea
C400-NP6S,SK2700-5S,3,6,ea
C400-NP6S,SK2700-6S,4,7,ea
C400-NP6S,SK2700-7S,5,2,ea
C400-NP6S,SK2600-SW,6,200,ea
C400-NP7P,SK27S3-3S,1,27,ea
C400-NP7P,SK27S3-5S,2,10,ea
C400-NP7P,SK27S3-7S,3,1,ea
C400-NP7P,SK2600-SW,4,38,ea
C400-NP7S,SK2700-3S,1,27,ea
C400-NP7S,SK2700-5S,2,10,ea
C400-NP7S,SK2700-7S,3,1,ea
C400-NP7S,SK2600-SW,4,38,ea
C400-NP8P,SK27S3-2S,1,6,ea
C400-NP8P,SK27S3-4S,2,23,ea
C400-NP8P,SK27S3-5S,3,6,ea
C400-NP8P,SK27S3-6S,4,17,ea
C400-NP8P,SK27S3-7S,5,2,ea
C400-NP8P,SK2600-SW,6,54,ea
C400-NP8S,SK2700-2S,1,6,ea
C400-NP8S,SK2700-4S,2,23,ea
C400-NP8S,SK2700-5S,3,6,ea
C400-NP8S,SK2700-6S,4,17,ea
C400-NP8S,SK2700-7S,5,2,ea
C400-NP8S,SK2600-SW,6,54,ea
C400-OD1P,SK27S3-2S,1,4,ea
C400-OD1P,SK2600-SW,2,4,ea
C400-OD1S,SK2700-3S,1,4,ea
C400-OD1S,SK2600-SW,2,4,ea
C400-RAD1P,SK40S5-3S,1,10,ea
C400-RAD1P,SK-HS,2,10,ea
C400-RAD1P,SK-R4GS,3,10,ea
C400-RAD1S,SK4002-3S,1,10,ea
C400-RAD1S,SK-HS,2,10,ea
C400-RAD1S,SK-R4GS,3,10,ea
C402C-FT1,MS24694-S5,1,24,ea
C402C-FT1,MS24694-S51,2,140,ea
C404-C1,SK4002-4S,1,15,ea
C404-C1,SK4002-5S,2,75,ea
C404-C1,SK4002-6S,3,47,ea
C404-C1,SK4002-7S,4,12,ea
C404-C1,SK4002-8S,5,8,ea
C404-C1,SK-HS,6,114,ea
C404-C1,SK-OS,7,16,ea
C404-C1,SK-R4GS,8,132,ea
C404-C1P,SK40S5-5S,1,75,ea
C404-C1P,SK40S5-6S,2,47,ea
C404-C1P,SK40S5-7S,3,12,ea
C404-C1P,SK40S5-8S,4,8,ea
C404-C1P,SK-HS,5,114,ea
C404-C1P,SK-OS,6,16,ea
C404-C1P,SK-R4GS,7,132,ea
C404-C1P,SK40S5-4S,8,15,ea
C414-C1,SK4002-4S,1,64,ea
C414-C1,SK4002-5S,2,20,ea
C414-C1,SK4002-6S,3,10,ea
C414-C1,SK-GS,4,24,ea
C414-C1,SK-HS,5,68,ea
C414-C1,SK-R4GS,6,54,ea
C414-C1,SK-R4TS,7,41,ea
C414-C1,MS24693-C50,8,175,ea
C414-C1,MS24693-C52,9,75,ea
C414-C1,MS51957-46,10,50,ea
C414-C1,MS27039C0808,11,50,ea
C414-C1,MS27039C1-08,12,25,ea
C414-C1,DP1080-17SS,13,200,ea
C414-C1,NAS1515-H-08L,14,100,ea
C414-C1P,SK40S5-4S,1,64,ea
C414-C1P,SK40S5-5S,2,20,ea
C414-C1P,SK40S5-6S,3,10,ea
C414-C1P,SK-GS,4,24,ea
C414-C1P,SK-HS,5,68,ea
C414-C1P,SK-R4GS,6,54,ea
C414-C1P,MS24693-C50,7,175,ea
C414-C1P,MS24693-C52,8,75,ea
C414-C1P,MS51957-46,9,50,ea
C414-C1P,MS27039C0808,10,50,ea
C414-C1P,MS27039C1-08,11,25,ea
C414-C1P,DP1080-17SS,12,200,ea
C414-C1P,NAS1515-H-08L,13,100,ea
C414-C2,SK4002-4S,1,74,ea
C414-C2,SK4002-5S,2,74,ea
C414-C2,SK4002-6S,3,10,ea
C414-C2,SK-GS,4,62,ea
C414-C2,SK-HS,5,90,ea
C414-C2,SK-R4GS,6,62,ea
C414-C2,SK-R4TS,7,86,ea
C414-C2,MS24693-C50,8,175,ea
C414-C2,MS24693-C52,9,75,ea
C414-C2,MS51957-46,10,50,ea
C414-C2,MS27039C0808,11,50,ea
C414-C2,MS27039C1-08,12,25,ea
C414-C2,DP1080-17SS,13,200,ea
C414-C2,NAS1515-H-08L,14,100,ea
C414-C2P,SK40S5-4S,1,74,ea
C414-C2P,SK40S5-5S,2,74,ea
C414-C2P,SK40S5-6S,3,10,ea
C414-C2P,SK-GS,4,62,ea
C414-C2P,SK-HS,5,90,ea
C414-C2P,SK-R4GS,6,62,ea
C414-C2P,SK-R4TS,7,86,ea
C414-C2P,MS24693-C50,8,175,ea
C414-C2P,MS24693-C52,9,75,ea
C414-C2P,MS51957-46,10,50,ea
C414-C2P,MS27039C0808,11,50,ea
C414-C2P,MS27039C1-08,12,25,ea
C414-C2P,DP1080-17SS,13,200,ea
C414-C2P,NAS1515-H-08L,14,100,ea
C414-FT1,MS27039C0810,1,16,ea
C414-FT1,AN525C832R10,2,16,ea
C414-FT1,MS24693-C49,3,16,ea
C414-FT1,MS24693-C293,4,32,ea
C421-C1,SK4002-2S,1,24,ea
C421-C1,SK4002-4S,2,66,ea
C421-C1,SK4002-5S,3,36,ea
C421-C1,SK4002-6S,4,4,ea
C421-C1,SK-GS,5,24,ea
C421-C1,SK-HS,6,94,ea
C421-C1,SK-R4GS,7,120,ea
C421-C1,SK2700-3S,8,8,ea
C421-C1,SK2600-SW,9,8,ea
C421-C1,MS24693-C50,10,200,ea
C421-C1,MS24693-C272,11,100,ea
C421-C1,DP1080-17SS,12,200,ea
C421-C1,DP1085-20SS,13,100,ea
C421-C1P,SK40S5-2S,1,24,ea
C421-C1P,SK40S5-4S,2,66,ea
C421-C1P,SK40S5-5S,3,36,ea
C421-C1P,SK40S5-6S,4,4,ea
C421-C1P,SK-GS,5,24,ea
C421-C1P,SK-HS,6,94,ea
C421-C1P,SK-R4GS,7,120,ea
C421-C1P,SK27S3-3S,8,8,ea
C421-C1P,SK2600-SW,9,8,ea
C421-C1P,MS24693-C50,10,200,ea
C421-C1P,MS24693-C272,11,100,ea
C421-C1P,DP1080-17SS,12,200,ea
C421-C1P,DP1085-20SS,13,100,ea
C421-C2,SK4002-2S,1,12,ea
C421-C2,SK4002-3S,2,8,ea
C421-C2,SK4002-4S,3,32,ea
C421-C2,SK4002-5S,4,44,ea
C421-C2,SK4002-6S,5,46,ea
C421-C2,SK4002-7S,6,6,ea
C421-C2,SK-GS,7,52,ea
C421-C2,SK-HS,8,96,ea
C421-C2,SK-R4GS,9,150,ea
C421-C2,MS24693-C50,10,100,ea
C421-C2,MS24693-C272,11,100,ea
C421-C2,DP1080-17SS,12,100,ea
C421-C2,DP1085-20SS,13,100,ea
C421-C2P,SK40S5-2S,1,12,ea
C421-C2P,SK40S5-3S,2,8,ea
C421-C2P,SK40S5-4S,3,32,ea
C421-C2P,SK40S5-5S,4,44,ea
C421-C2P,SK40S5-6S,5,46,ea
C421-C2P,SK40S5-7S,6,6,ea
C421-C2P,SK-GS,7,52,ea
C421-C2P,SK-HS,8,96,ea
C421-C2P,SK-R4GS,9,150,ea
C421-C2P,MS24693-C50,10,100,ea
C421-C2P,MS24693-C272,11,100,ea
C421-C2P,DP1080-17SS,12,100,ea
C421-C2P,DP1085-20SS,13,100,ea
C425-C1,SK4002-3S,1,28,ea
C425-C1,SK4002-4S,2,3,ea
C425-C1,SK4002-5S,3,20,ea
C425-C1,SK4002-6S,4,40,ea
C425-C1,SK4002-7S,5,12,ea
C425-C1,SK4002-8S,6,15,ea
C425-C1,SK4002-9S,7,3,ea
C425-C1,SK-GS,8,28,ea
C425-C1,SK-HS,9,86,ea
C425-C1,SK-R4GS,10,114,ea
C425-C1,MS24693-C50,11,50,ea
C425-C1,MS24693-C272,12,50,ea
C425-C1,DP1080-17SS,13,50,ea
C425-C1,DP1085-20SS,14,50,ea
C441-C1,SK4002-2S,1,16,ea
C441-C1,SK4002-3S,2,6,ea
C441-C1,SK4002-4S,3,12,ea
C441-C1,SK4002-5S,4,60,ea
C441-C1,SK4002-6S,5,62,ea
C441-C1,SK4002-7S,6,4,ea
C441-C1,SK-GS,7,36,ea
C441-C1,SK-HS,8,108,ea
C441-C1,SK-R4GS,9,144,ea
C441-C1,MS24693-C50,10,50,ea
C441-C1,MS24693-C272,11,50,ea
C441-C1,DP1080-17SS,12,50,ea
C441-C1,DP1085-20SS,13,50,ea
C441-C1P,SK40S5-2S,1,16,ea
C441-C1P,SK40S5-3S,2,6,ea
C441-C1P,SK40S5-4S,3,12,ea
C441-C1P,SK40S5-5S,4,60,ea
C441-C1P,SK40S5-6S,5,62,ea
C441-C1P,SK40S5-7S,6,4,ea
C441-C1P,SK-GS,7,36,ea
C441-C1P,SK-HS,8,108,ea
C441-C1P,SK-R4GS,9,144,ea
C441-C1P,MS24693-C50,10,50,ea
C441-C1P,MS24693-C272,11,50,ea
C441-C1P,DP1080-17SS,12,50,ea
C441-C1P,DP1085-20SS,13,50,ea
C500-C1,SK4002-3S,1,106,ea
C500-C1,SK4002-4S,2,8,ea
C500-C1,SK4002-5S,3,8,ea
C500-C1,SK4002-7S,4,2,ea
C500-C1,SK-GS,5,112,ea
C500-C1,SK-HS,6,4,ea
C500-C1,SK-R4GS,7,120,ea
C500-C1P,SK40S5-3S,1,106,ea
C500-C1P,SK40S5-4S,2,8,ea
C500-C1P,SK40S5-5S,3,8,ea
C500-C1P,SK40S5-7S,4,2,ea
C500-C1P,SK-GS,5,112,ea
C500-C1P,SK-HS,6,4,ea
C500-C1P,SK-R4GS,7,120,ea
C500-C2,SK4002-4S,1,26,ea
C500-C2,SK4002-5S,2,6,ea
C500-C2,SK4002-6S,3,6,ea
C500-C2,SK-HS,4,26,ea
C500-C2,SK-R4GS,5,26,ea
C500-C2P,SK40S5-4S,1,26,ea
C500-C2P,SK40S5-5S,2,6,ea
C500-C2P,SK40S5-6S,3,6,ea
C500-C2P,SK-HS,4,26,ea
C500-C2P,SK-R4GS,5,26,ea
ERCOUPE,AN526C632R6,1,100,ea
ERCOUPE,AN526C1032R8,2,100,ea
ERCOUPE,AN526C1032R10,3,15,ea
ERCOUPE,AN526C1032R12,4,30,ea
ERCOUPE,6RX1/2THBS,5,25,ea
ERCOUPE,NAS1515-H-06L,6,35,ea
ERCOUPE,NAS1515-H-3L,7,35,ea
ERCOUPE,MS21044C06,8,60,ea
ERCOUPE,MS21044C3,9,70,ea
G-AG CAT,AN526C832R8,1,25,ea
G-AG CAT,AN526C1032R8,2,30,ea
G-AG CAT,4RX3/8THBS,3,65,ea
G-AG CAT,6RX1/2THBS,4,95,ea
G-AG CAT,8RX1/2THBS,5,30,ea
G-AG CAT,10RX1/2THBS,6,60,ea
G-AG CAT,8RX1/2THAS,7,30,ea
G-AG CAT,NAS1515-H-08L,8,35,ea
G-AG CAT,NAS1515-H-3L,9,35,ea
G-TIGER,AN526C632R8,1,75,ea
G-TIGER,AN526C832R8,2,50,ea
G-TIGER,AN526C1032R8,3,85,ea
G-TIGER,MS24693-C30,4,10,ea
G-TIGER,MS24693-C50,5,220,ea
G-TIGER,MS24693-C272,6,10,ea
G-TIGER,MS24693-C273,7,30,ea
G-TIGER,6RX1/2THBS,8,50,ea
G-TIGER,8RX1/2THBS,9,60,ea
G-TIGER,8RX1/2FHBS100,10,70,ea
G-TIGER,DP1080-17SS,11,115,ea
G-TIGER,DP1085-20SS,12,30,ea
G-TIGER,NAS1515-H-3L,13,35,ea
LANCAIR-C1P,SK215-4,1,56,ea
LANCAIR-C1P,SK245A161A,2,6,ea
LANCAIR-C1P,SK40S5-2S,3,62,ea
LANCAIR-C1P,SK-OS,4,62,ea
LANCAIR-C1P,SK-O18S,5,2,ea
LANCAIR-C1P,SK-R4GS,6,64,ea
LANCAIR-C1P,SK-RVFS1,7,64,ea
LANCAIR-C1P,SK-RVC1,8,10,ea
LANCAIR-C1P,MS20426AD3-4,9,3,oz
LANCAIR-C1P,MS20426AD3-5,10,1.5,oz
LANCAIR-C1P,MS20426AD4-4,11,3,oz
LANCAIR-C1P,SK28S3-2S,12,14,ea
LANCAIR-C1P,SK213-2,13,14,ea
LANCAIR-C1P,SK2600-SW,14,14,ea
LANCAIR-C1P,MS21059L3,15,10,ea
LANCAIR-C1P,MS24693-C272,16,10,ea
LANCAIR-C1P,DP1085-20SS,17,10,ea
LANCAIR-C1P,Template-213,18,1,ea
LANCAIR-C1P,RV Instructions,19,1,ea
LANCAIR-C1P-F,SK215-4,1,30,ea
LANCAIR-C1P-F,SK40S5-2S,2,36,ea
LANCAIR-C1P-F,SK245A161A,3,6,ea
LANCAIR-C1P-F,SK-OS,4,36,ea
LANCAIR-C1P-F,SK-R4GS,5,38,ea
LANCAIR-C1P-F,VANS RV KIT,6,38,ea
LANCAIR-C1P-F,SK-RVC1,7,10,ea
LANCAIR-C1P-F,MS20426AD3-4,8,1.5,oz
LANCAIR-C1P-F,MS20426AD3-5,9,1.5,oz
LANCAIR-C1P-F,MS20426AD4-4,10,1.5,oz
LANCAIR-C1P-F,RV Instructions,11,1,ea
LANCAIR-C1P-U,SK215-4,1,39,ea
LANCAIR-C1P-U,SK40S5-2S,2,45,ea
LANCAIR-C1P-U,SK245A161A,3,6,ea
LANCAIR-C1P-U,SK-OS,4,45,ea
LANCAIR-C1P-U,SK-O18S,5,2,ea
LANCAIR-C1P-U,SK-R4GS,6,47,ea
LANCAIR-C1P-U,SK-RVFS1,7,47,ea
LANCAIR-C1P-U,SK-RVC1,8,1,ea
LANCAIR-C1P-U,MS20426AD3-4,9,1.5,oz
LANCAIR-C1P-U,MS20426AD3-5,10,1.5,oz
LANCAIR-C1P-U,MS20426AD4-4,11,1.5,oz
LANCAIR-C1P-U,MS21059L3,12,10,ea
LANCAIR-C1P-U,MS24693-C272,13,10,ea
LANCAIR-C1P-U,DP1085-20SS,14,10,ea
LANCAIR-C1P-U,RV Instructions,15,1,ea
LANCAIR-C1S,SK215-4,1,56,ea
LANCAIR-C1S,SK245A161A,2,6,ea
LANCAIR-C1S,SK4002-2S,3,62,ea
LANCAIR-C1S,SK-OS,4,62,ea
LANCAIR-C1S,SK-O18S,5,2,ea
LANCAIR-C1S,SK-R4GS,6,64,ea
LANCAIR-C1S,SK-RVFS1,7,64,ea
LANCAIR-C1S,SK-RVC1,8,10,ea
LANCAIR-C1S,MS20426AD3-4,9,3,oz
LANCAIR-C1S,MS20426AD3-5,10,1.5,oz
LANCAIR-C1S,SK2800-2S,11,14,ea
LANCAIR-C1S,SK2600-SW,12,14,ea
LANCAIR-C1S,SK213-2,13,14,ea
LANCAIR-C1S,MS21059L3,14,10,ea
LANCAIR-C1S,MS24693-C272,15,10,ea
LANCAIR-C1S,DP1085-20SS,16,10,ea
LANCAIR-C1S,Template-213,17,1,ea
LANCAIR-C1S,RV Instructions,18,1,ea
LANCAIR-C1S-F,SK215-4,1,30,ea
LANCAIR-C1S-F,SK245A161A,2,6,ea
LANCAIR-C1S-F,SK4002-2S,3,36,ea
LANCAIR-C1S-F,SK-OS,4,36,ea
LANCAIR-C1S-F,SK-R4GS,5,38,ea
LANCAIR-C1S-F,SK-O18S,6,2,ea
LANCAIR-C1S-F,SK-RVFS1,7,38,ea
LANCAIR-C1S-F,SK-RVC1,8,1,ea
LANCAIR-C1S-F,MS20426AD3-4,9,1.5,oz
LANCAIR-C1S-F,MS20426AD3-5,10,1.5,oz
LANCAIR-C1S-F,MS20426AD4-4,11,1.5,oz
LANCAIR-C1S-F,RV Instructions,12,1,ea
LANCAIR-C1S-S,SK215-4,1,26,ea
LANCAIR-C1S-S,SK4002-2S,2,26,ea
LANCAIR-C1S-S,SK-OS,3,26,ea
LANCAIR-C1S-S,SK-O18S,4,2,ea
LANCAIR-C1S-S,SK-R4GS,5,28,ea
LANCAIR-C1S-S,SK-RVFS1,6,28,ea
LANCAIR-C1S-S,MS20426AD3-4,7,1.5,oz
LANCAIR-C1S-S,MS20426AD3-5,8,1.5,oz
LANCAIR-C1S-S,MS20426AD4-4,9,1.5,oz
LANCAIR-C1S-S,MS21059L3,10,10,ea
LANCAIR-C1S-S,MS24693-C272,11,10,ea
LANCAIR-C1S-S,DP1085-20SS,12,10,ea
LANCAIR-C1S-S,RV Instructions,13,1,ea
LANCAIR-C1S-U,SK215-4,1,39,ea
LANCAIR-C1S-U,SK4002-2S,2,45,ea
LANCAIR-C1S-U,SK-OS,3,45,ea
LANCAIR-C1S-U,SK-O18S,4,2,ea
LANCAIR-C1S-U,SK245A161A,5,6,ea
LANCAIR-C1S-U,SK-R4GS,6,47,ea
LANCAIR-C1S-U,SK-RVFS1,7,47,ea
LANCAIR-C1S-U,MS20426AD3-4,8,1.5,oz
LANCAIR-C1S-U,MS20426AD3-5,9,1.5,oz
LANCAIR-C1S-U,MS20426AD4-4,10,1.5,oz
LANCAIR-C1S-U,MS21059L3,11,10,ea
LANCAIR-C1S-U,MS24693-C272,12,10,ea
LANCAIR-C1S-U,DP1085-20SS,13,10,ea
LANCAIR-C1S-U,RV Instructions,14,1,ea
M-201/231,4RX3/8THBS,1,20,ea
M-201/231,8RX1/2THBS,2,125,ea
M-201/231,10RX1/2THBS,3,12,ea
M-201/231,MS24693-C28,4,15,ea
M-201/231,MS24693-C50,5,200,ea
M-201/231,MS24693-C271,6,100,ea
M-201/231,MS24693-C272,7,100,ea
M-201/231,AN526C632R4,8,20,ea
M-201/231,AN526C832R8,9,78,ea
M-201/231,AN526C1032R8,10,80,ea
M-201/231,NAS1515-H-08L,11,100,ea
M-201/231,NAS1515-H-3L,12,100,ea
M-201/231,DP1080-17SS,13,26,ea
M-201/231,MS24694-S3,14,120,ea
M-201/231,MS24694-S5,15,450,ea
M-201/231,MS24694-S48,16,25,ea
M-20B,AN526C632R4,1,20,ea
M-20B,AN526C832R8,2,155,ea
M-20B,AN526C1032R8,3,135,ea
M-20B,MS24693-C28,4,10,ea
M-20B,MS24693-C50,5,200,ea
M-20B,4RX3/8THBS,6,55,ea
M-20B,6RX1/2THBS,7,20,ea
M-20B,8RX1/2THBS,8,200,ea
M-20B,10RX1/2THBS,9,145,ea
M-20B,NAS1515-H-08L,10,35,ea
M-20B,NAS1515-H-3L,11,35,ea
M-20C/D,AN526C632R4,1,20,ea
M-20C/D,AN526C832R8,2,300,ea
M-20C/D,AN526C1032R8,3,155,ea
M-20C/D,MS24693-C28,4,10,ea
M-20C/D,MS24693-C50,5,100,ea
M-20C/D,MS24693-C273,6,100,ea
M-20C/D,MS24693-C272,7,100,ea
M-20C/D,4RX3/8THBS,8,55,ea
M-20C/D,8RX1/2THBS,9,100,ea
M-20C/D,10RX1/2THBS,10,65,ea
M-20C/D,NAS1515-H-08L,11,35,ea
M-20C/D,NAS1515-H-3L,12,35,ea
M-20C/D,MS24694-S5,13,400,ea
M-20E/G,AN526C632R4,1,20,ea
M-20E/G,AN526C832R8,2,300,ea
M-20E/G,AN526C1032R8,3,155,ea
M-20E/G,MS24693-C28,4,10,ea
M-20E/G,MS24693-C50,5,200,ea
M-20E/G,MS24693-C273,6,100,ea
M-20E/G,MS24693-C272,7,100,ea
M-20E/G,4RX3/8THBS,8,55,ea
M-20E/G,8RX1/2THBS,9,55,ea
M-20E/G,10RX1/2THBS,10,90,ea
M-20E/G,NAS1515-H-08L,11,35,ea
M-20E/G,NAS1515-H-3L,12,35,ea
M-20E/G,MS24694-S5,13,400,ea
M-252,AN526C632R4,1,20,ea
M-252,AN526C832R4,2,75,ea
M-252,AN526C1032R8,3,80,ea
M-252,MS24693-C28,4,15,ea
M-252,MS24693-C50,5,100,ea
M-252,MS24693-C273,6,100,ea
M-252,MS24693-C272,7,100,ea
M-252,4RX3/8THBS,8,20,ea
M-252,8RX1/2THBS,9,125,ea
M-252,10RX1/2THBS,10,12,ea
M-252,MS24694-S4,11,150,ea
M-252,MS24694-S49,12,240,ea
M-252,DP1085-20SS,13,12,ea
M-252,NAS1515-H-08L,14,35,ea
M-252,NAS1515-H-3L,15,35,ea
M20-BAT1P,82-19-120-20,1,23,ea
M20-BAT1P,82-32-201-20,2,24,ea
M20-BAT1P,NAS1515-H-3L,3,25,ea
M20-BAT1S,82-11-100-20,1,23,ea
M20-BAT1S,82-32-201-20,2,24,ea
M20-BAT1S,NAS1515-H-3L,3,25,ea
M20-BAT2P,SK28S3-2S,1,23,ea
M20-BAT2P,SK27S5-1S,2,25,ea
M20-BAT2S,SK2700-2S,1,23,ea
M20-BAT2S,SK27S5-1S,2,24,ea
M20-BP1P,SK27S3-5S,1,29,ea
M20-BP1P,SK27S3-6S,2,11,ea
M20-BP1P,SK2600-SW,3,38,ea
M20-C2,SK4002-3S,1,31,ea
M20-C2,SK4002-4S,2,6,ea
M20-C2,SK4002-5S,3,3,ea
M20-C2,SK4002-6S,4,4,ea
M20-C2,SK-GS,5,34,ea
M20-C2,SK-HS,6,2,ea
M20-C2,SK-R4GS,7,34,ea
M20-C2,SKFJ4-35SS,8,4,ea
M20-C2,SKGF4-150,9,4,ea
M20-C2P,SK40S5-3S,1,31,ea
M20-C2P,SK40S5-4S,2,6,ea
M20-C2P,SK40S5-5S,3,3,ea
M20-C2P,SK40S5-6S,4,4,ea
M20-C2P,SK-GS,5,34,ea
M20-C2P,SK-HS,6,2,ea
M20-C2P,SK-R4GS,7,34,ea
M20-C2P,SKFJ4-35SS,8,4,ea
M20-C2P,SKGF4-150,9,4,ea
M20-C2P,MS24693-C272,10,25,ea
M20-C2P,DP1085-20SS,11,25,ea
M20-C2P,AN526C832R6,12,50,ea
M20-C2P,AN526C1032R10,13,25,ea
M20-C3,SK4002-3S,1,25,ea
M20-C3,SK4002-4S,2,6,ea
M20-C3,SK4002-5S,3,6,ea
M20-C3,SK4002-6S,4,6,ea
M20-C3,SK4002-7S,5,2,ea
M20-C3,SK-GS,6,39,ea
M20-C3,SK-R4GS,7,40,ea
M20-C3,SKFJ4-35SS,8,4,ea
M20-C3,SKGF4-150,9,4,ea
M20-C3,MS24693-C272,10,25,ea
M20-C3,DP1085-20SS,11,25,ea
M20-C3,AN526C832R6,12,50,ea
M20-C3,AN526C1032R10,13,50,ea
M20-C3P,SK40S5-3S,1,25,ea
M20-C3P,SK40S5-4S,2,6,ea
M20-C3P,SK40S5-5S,3,5,ea
M20-C3P,SK40S5-6S,4,6,ea
M20-C3P,SK40S5-7S,5,2,ea
M20-C3P,SK-GS,6,39,ea
M20-C3P,SK-R4GS,7,40,ea
M20-C3P,SKFJ4-35SS,8,4,ea
M20-C3P,SKGF4-150,9,4,ea
M20-C3P,MS24693-C272,10,25,ea
M20-C3P,DP1085-20SS,11,25,ea
M20-C3P,AN526C832R6,12,50,ea
M20-C3P,AN526C1032R10,13,25,ea
M20-C5,SK2700-6S,1,9,ea
M20-C5,SK2700-7S,2,3,ea
M20-C5,SK2700-8S,3,2,ea
M20-C5,SK2600-SW,4,20,ea
M20-C5,NAS1515-H-3L,5,25,ea
M20-C5,MS24693-C274,6,25,ea
M20-C5,MS24693-C275,7,25,ea
M20-C5,DP1085-20SS,8,25,ea
M20-C5,AN526C1032R10,9,25,ea
M20-C5,SK4002-5S,10,4,ea
M20-C5,SK4002-6S,11,10,ea
M20-C5,SK4002-7S,12,4,ea
M20-C5,SK4002-9S,13,2,ea
M20-C5,SK-HS,14,17,ea
M20-C5,SK-N318S,15,2,ea
M20-C5,SK-R560,16,2,ea
M20-C5,SK-R4GS,17,20,ea
M20-C5,SK-R4TS,18,20,ea
M20-C5P,SK40S5-5S,1,4,ea
M20-C5P,SK40S5-6S,2,10,ea
M20-C5P,SK40S5-7S,3,4,ea
M20-C5P,SK40S5-9S,4,2,ea
M20-C5P,SK-HS,5,17,ea
M20-C5P,SK-N318S,6,2,ea
M20-C5P,SK-R560,7,2,ea
M20-C5P,SK-R4GS,8,20,ea
M20-C5P,SK-R4TS,9,4,ea
M20-C5P,SK28S3-5S,10,10,ea
M20-C5P,SK28S3-6S,11,9,ea
M20-C5P,SK28S3-7S,12,3,ea
M20-C5P,SK28S3-8S,13,2,ea
M20-C5P,SK2600-SW,14,22,ea
M20-C5P,NAS1515-H-4L,15,25,ea
M20-C5P,MS24693-C274,16,25,ea
M20-C5P,MS24693-C275,17,25,ea
M20-C5P,DP1085-20SS,18,25,ea
M20-C5P,AN526C1032R10,19,25,ea
M20-C6,SK4002-5S,1,12,ea
M20-C6,SK4002-6S,2,12,ea
M20-C6,SK4002-7S,3,4,ea
M20-C6,SK4002-8S,4,8,ea
M20-C6,SK-HS,5,19,ea
M20-C6,SK-R4GS,6,20,ea
M20-C6,SK2700-4S,7,12,ea
M20-C6,SK2700-5S,8,12,ea
M20-C6,SK2700-6S,9,2,ea
M20-C6,SK2700-7S,10,4,ea
M20-C6,SK2600-SW,11,16,ea
M20-C6,NAS1515-H-4L,12,25,ea
M20-C6,MS24693-C274,13,25,ea
M20-C6,MS24693-C275,14,25,ea
M20-C6,DP1085-20SS,15,25,ea
M20-C6,AN526C1032R10,16,25,ea
M20-C6A,SK4002-5S,1,12,ea
M20-C6A,SK4002-6S,2,12,ea
M20-C6A,SK4002-7S,3,4,ea
M20-C6A,SK4002-8S,4,8,ea
M20-C6AP,SK40S5-5S,1,12,ea
M20-C6AP,SK40S5-6S,2,12,ea
M20-C6AP,SK40S5-7S,3,4,ea
M20-C6AP,SK40S5-8S,4,8,ea
M20-C6AP,SK-HS,5,19,ea
M20-C6AP,SK-R4GS,6,19,ea
M20-C6AP,SK28S3-4S,7,12,ea
M20-C6AP,SK28S3-5S,8,12,ea
M20-C6AP,SK28S3-6S,9,2,ea
M20-C6AP,SK28S3-7S,10,4,ea
M20-C6AP,SK2600-SW,11,16,ea
M20-C6AP,NAS1515-H-4L,12,25,ea
M20-C6AP,MS24693-C274,13,25,ea
M20-C6AP,MS24693-C275,14,25,ea
M20-C6AP,DP1085-20SS,15,25,ea
M20-C6AP,AN526C1032R10,16,25,ea
M20-C6AP,AN526C832R6,17,25,ea
M20-C6P,SK40S5-5S,1,12,ea
M20-C6P,SK40S5-6S,2,12,ea
M20-C6P,SK40S5-7S,3,4,ea
M20-C6P,SK40S5-8S,4,8,ea
M20-C6P,SK-HS,5,19,ea
M20-C6P,SK-R4GS,6,20,ea
M20-C6P,SK28S3-4S,7,12,ea
M20-C6P,SK28S3-5S,8,12,ea
M20-C6P,SK28S3-6S,9,2,ea
M20-C6P,SK28S3-7S,10,4,ea
M20-C6P,SK2600-SW,11,16,ea
M20-C6P,NAS1515-H-3L,12,25,ea
M20-C6P,MS24693-C274,13,25,ea
M20-C6P,MS24693-C275,14,25,ea
M20-C6P,DP1085-20SS,15,25,ea
M20-C6P,AN526C1032R10,16,25,ea
M20-C7,SK4002-5S,1,6,ea
M20-C7,SK4002-6S,2,6,ea
M20-C7,SK4002-7S,3,5,ea
M20-C7,SK4002-8S,4,2,ea
M20-C7,SK-HS,5,17,ea
M20-C7,SK-R4GS,6,20,ea
M20-C7,SK2700-3S,7,3,ea
M20-C7,SK2700-4S,8,5,ea
M20-C7,SK2700-5S,9,12,ea
M20-C7,SK2700-6S,10,2,ea
M20-C7,SK2700-7S,11,4,ea
M20-C7,SK2600-SW,12,40,ea
M20-C7P,SK40S5-5S,1,6,ea
M20-C7P,SK40S5-6S,2,6,ea
M20-C7P,SK40S5-7S,3,5,ea
M20-C7P,SK40S5-8S,4,2,ea
M20-C7P,SK-HS,5,17,ea
M20-C7P,SK-R4GS,6,20,ea
M20-C7P,SK28S3-3S,7,3,ea
M20-C7P,SK28S3-4S,8,5,ea
M20-C7P,SK28S3-5S,9,12,ea
M20-C7P,SK28S3-6S,10,2,ea
M20-C7P,SK28S3-7S,11,4,ea
M20-C7P,SK2600-SW,12,40,ea
M20-C7P,NAS1515-H-4L,13,25,ea
M20-C7P,MS24693-C274,14,25,ea
M20-C7P,MS24693-C275,15,25,ea
M20-C7P,DP1085-20SS,16,25,ea
M20-C7P,AN526C1032R10,17,25,ea
MU2,MS24693-C50,1,1500,ea
MU2,MS24693-C272,2,400,ea
MU2,AN526C832R7,3,50,ea
MU2,AN526C832R8,4,100,ea
MU2-C1,SK4002-3S,1,12,ea
MU2-C1,SK-HS,2,12,ea
MU2-C1,SK-R4GS,3,12,ea
MU2-C1,SK2700-2S,4,16,ea
MU2-C1,SK2700-3S,5,98,ea
MU2-C1,SK2700-4S,6,70,ea
MU2-C1,SK2700-5S,7,46,ea
MU2-C1,SK2700-6S,8,16,ea
MU2-C1,SK2600-SW,9,260,ea
MU2-C1P,SK40S5-3S,1,12,ea
MU2-C1P,SK-HS,2,12,ea
MU2-C1P,SK-R4GS,3,12,ea
MU2-C1P,SK27S3-2S,4,16,ea
MU2-C1P,SK27S3-3S,5,98,ea
MU2-C1P,SK27S3-4S,6,70,ea
MU2-C1P,SK27S3-5S,7,46,ea
MU2-C1P,SK27S3-6S,8,16,ea
MU2-C1P,SK2600-SW,9,260,ea
MU2-C2,SK4002-3S,1,46,ea
MU2-C2,SK-HS,2,46,ea
MU2-C2,SK-R4GS,3,46,ea
MU2-C2,SK2700-2S,4,16,ea
MU2-C2,SK2700-3S,5,98,ea
MU2-C2,SK2700-4S,6,70,ea
MU2-C2,SK2700-5S,7,46,ea
MU2-C2,SK2700-6S,8,16,ea
MU2-C2,SK2600-SW,9,260,ea
MU2-C2P,SK40S5-3S,1,46,ea
MU2-C2P,SK-HS,2,46,ea
MU2-C2P,SK-R4GS,3,46,ea
MU2-C2P,SK27S3-2S,4,16,ea
MU2-C2P,SK27S3-3S,5,98,ea
MU2-C2P,SK27S3-4S,6,70,ea
MU2-C2P,SK27S3-5S,7,46,ea
MU2-C2P,SK27S3-6S,8,16,ea
MU2-C2P,SK2600-SW,9,260,ea
MU2-FT1,MS27039C4-11,1,36,ea
PA-140-235,8RX1/2THBS,1,115,ea
PA-140-235,10RX1/2THBS,2,15,ea
PA-140-235,AN526C632R8,3,32,ea
PA-140-235,AN526C832R8,4,100,ea
PA-140-235,AN526C1032R8,5,50,ea
PA-140-235,MS24693-C28,6,11,ea
PA-140-235,MS24693-C50,7,111,ea
PA-140-235,NAS1515-H-3L,8,35,ea
PA-140-235,DP1080-17SS,9,129,ea
PA-AEROSTAR,AN526C832R8,1,100,ea
PA-AEROSTAR,AN526C1032R8,2,100,ea
PA-AEROSTAR,MS24693-C28,3,100,ea
PA-AEROSTAR,MS24693-C50,4,500,ea
PA-AEROSTAR,MS24693-C272,5,100,ea
PA-AEROSTAR,6RX1/2THBS,6,50,ea
PA-AEROSTAR,8RX1/2THBS,7,100,ea
PA-AEROSTAR,10RX1/2THBS,8,40,ea
PA-AEROSTAR,NAS1515-H-08L,9,300,ea
PA-AEROSTAR,NAS1515-H-3L,10,100,ea
PA-AEROSTAR,DP1080-17SS,11,310,ea
PA-AEROSTAR,DP1085-20SS,12,50,ea
PA-APACHE,6RX1/2THBS,1,25,ea
PA-APACHE,8RX1/2THBS,2,50,ea
PA-APACHE,10RX1/2THBS,3,25,ea
PA-APACHE,MS24693-C28,4,62,ea
PA-APACHE,MS24693-C50,5,244,ea
PA-APACHE,MS24693-C272,6,50,ea
PA-APACHE,AN526C632R8,7,211,ea
PA-APACHE,AN526C832R8,8,300,ea
PA-APACHE,AN526C1032R8,9,50,ea
PA-APACHE,NAS1515-H-08L,10,35,ea
PA-ARROW,6RX1/2THBS,1,40,ea
PA-ARROW,8RX1/2THBS,2,90,ea
PA-ARROW,AN526C632R10,3,30,ea
PA-ARROW,AN526C832R8,4,34,ea
PA-ARROW,AN526C832R10,5,13,ea
PA-ARROW,AN526C1032R8,6,20,ea
PA-ARROW,MS24693-C28,7,10,ea
PA-ARROW,MS24693-C50,8,150,ea
PA-ARROW,MS24693-C273,9,5,ea
PA-ARROW,NAS1515-H-08L,10,35,ea
PA-ARROW,NAS1515-H-3L,11,35,ea
PA-ARROW,DP1075-12SS,12,10,ea
PA-ARROW,DP1085-20SS,13,5,ea
PA-ARROW,DP1080-17SS,14,155,ea
PA-AZTEC,AN526C632R8,1,370,ea
PA-AZTEC,AN526C832R6,2,50,ea
PA-AZTEC,AN526C832R8,3,400,ea
PA-AZTEC,AN526C1032R8,4,25,ea
PA-AZTEC,MS24693-C28,5,130,ea
PA-AZTEC,MS24693-C50,6,225,ea
PA-AZTEC,6RX1/2THBS,7,25,ea
PA-AZTEC,8RX1/2THBS,8,25,ea
PA-AZTEC,NAS1515-H-08L,9,35,ea
PA-AZTEC,NAS1515-H-3L,10,35,ea
PA-AZTEC,DP1080-17SS,11,145,ea
PA-CHEROKEE SIX,AN526C632R8,1,41,ea
PA-CHEROKEE SIX,AN526C832R8,2,81,ea
PA-CHEROKEE SIX,AN526C832R10,3,13,ea
PA-CHEROKEE SIX,AN526C1032R8,4,51,ea
PA-CHEROKEE SIX,MS24693-C28,5,11,ea
PA-CHEROKEE SIX,MS24693-C50,6,155,ea
PA-CHEROKEE SIX,8RX1/2THBS,7,60,ea
PA-CHEROKEE SIX,10RX1/2THBS,8,13,ea
PA-CHEROKEE SIX,NAS1515-H-08L,9,35,ea
PA-CHEROKEE SIX,NAS1515-H-3L,10,35,ea
PA-CHEROKEE SIX,DP1080-17SS,11,153,ea
PA-CHEYENNE,MS24693-C50,1,1100,ea
PA-CHEYENNE,MS24693-C28,2,180,ea
PA-CHEYENNE,MS24693-C30,3,10,ea
PA-CHEYENNE,MS24693-C29,4,10,ea
PA-CHEYENNE,MS24693-C272,5,700,ea
PA-CHEYENNE,AN526C1032R8,6,21,ea
PA-CHEYENNE,AN526C832R10,7,140,ea
PA-CHEYENNE,AN526C832R8,8,86,ea
PA-CHEYENNE,AN526C632R10,9,30,ea
PA-CHEYENNE,AN526C440R8,10,11,ea
PA-CHEYENNE,6RX1/2THBS,11,35,ea
PA-CHEYENNE,8RX1/2THBS,12,35,ea
PA-CHEYENNE,10RX1/2THBS,13,31,ea
PA-CHEYENNE,8RX1/2FHAS100,14,21,ea
PA-CHEYENNE,NAS1515-H-08L,15,35,ea
PA-CHEYENNE,NAS1515-H-3L,16,35,ea
PA-CHEYENNE,DP1075-12SS,17,175,ea
PA-CHEYENNE,DP1080-17SS,18,200,ea
PA-COMANCHE,AN526C632R8,1,128,ea
PA-COMANCHE,AN526C632R10,2,27,ea
PA-COMANCHE,AN526C832R8,3,62,ea
PA-COMANCHE,AN526C1032R8,4,30,ea
PA-COMANCHE,MS24693-C4,5,26,ea
PA-COMANCHE,MS24693-C28,6,113,ea
PA-COMANCHE,MS24693-C50,7,61,ea
PA-COMANCHE,8RX1/2THBS,8,110,ea
PA-COMANCHE,NAS1515-H-08L,9,35,ea
PA-COMANCHE,NAS1515-H-3L,10,35,ea
PA-COMANCHE,DP1080-17SS,11,71,ea
PA-FD1W,SK2600-5SW,1,4,ea
PA-FD1W,SK2600-LWS,2,4,ea
PA-FD1W,MS28775-008,3,4,ea
PA-FD1W,MS28775-011,4,4,ea
PA-J3 CUB,AN526C632R8,1,36,ea
PA-J3 CUB,AN526C632R10,2,30,ea
PA-J3 CUB,AN526C832R8,3,70,ea
PA-J3 CUB,AN526C1032R8,4,70,ea
PA-J3 CUB,6RX1/2THBS,5,80,ea
PA-J3 CUB,MS21044C06,6,60,ea
PA-J3 CUB,MS21044C08,7,43,ea
PA-MALIBU,MS24693-C48,1,200,ea
PA-MALIBU,MS24693-C50,2,400,ea
PA-MALIBU,MS24693-C272,3,100,ea
PA-MALIBU,MS51957-44,4,5,ea
PA-MALIBU,MS51958-63,5,15,ea
PA-MALIBU,DP1080-17SS,6,100,ea
PA-NAC1P,SK28S3-4S,1,40,ea
PA-NAC1P,SK27S5-1S,2,40,ea
PA-NAC1S,SK2700-4S,1,40,ea
PA-NAC1S,SK27S5-1S,2,40,ea
PA-NAVAJO,MS24693-C50,1,1000,ea
PA-NAVAJO,MS24693-C28,2,200,ea
PA-NAVAJO,MS24693-C30,3,10,ea
PA-NAVAJO,MS24693-C29,4,10,ea
PA-NAVAJO,AN526C1032R8,5,50,ea
PA-NAVAJO,AN526C832R10,6,200,ea
PA-NAVAJO,AN526C832R8,7,100,ea
PA-NAVAJO,AN526C632R10,8,30,ea
PA-NAVAJO,AN526C440R8,9,30,ea
PA-NAVAJO,6RX1/2THBS,10,35,ea
PA-NAVAJO,8RX1/2THBS,11,35,ea
PA-NAVAJO,10RX1/2THBS,12,30,ea
PA-NAVAJO,NAS1515-H-08L,13,35,ea
PA-NAVAJO,NAS1515-H-3L,14,35,ea
PA-NAVAJO,8RX1/2FHAS100,15,21,ea
PA-NAVAJO,DP1075-12SS,16,175,ea
PA-NAVAJO,DP1080-17SS,17,130,ea
PA-NP1P,SK26S51-2,1,26,ea
PA-NP1P,SK2600-LWS,2,26,ea
PA-NP1S,SK2600-2S,1,6,ea
PA-NP1S,SK2600-LWS,2,6,ea
PA-NP2P,SK26S51-2,1,6,ea
PA-NP2P,SK2600-LWS,2,6,ea
PA-NP2S,SK2600-2S,1,26,ea
PA-NP2S,SK2600-LWS,2,26,ea
PA-NP3P,SK26S51-3,1,26,ea
PA-NP3P,SK2600-LWS,2,26,ea
PA-NP3S,SK2600-3S,1,26,ea
PA-NP3S,SK2600-LWS,2,26,ea
PA-PAWNEE,AN526C1032R8,1,31,ea
PA-PAWNEE,AN526C1032R10,2,110,ea
PA-PAWNEE,AN526C428R8,3,5,ea
PA-PAWNEE,MS24693-C50,4,185,ea
PA-PAWNEE,MS24693-C272,5,21,ea
PA-PAWNEE,MS24693-C273,6,700,ea
PA-PAWNEE,MS21044C3,7,235,ea
PA-PAWNEE,MS21044C4,8,5,ea
PA-PAWNEE,AN960C8L,9,100,ea
PA-PAWNEE,AN960C10L,10,100,ea
PA-PAWNEE,DP1080-17SS,11,85,ea
PA-PAWNEE,DP1085-20SS,12,400,ea
PA-SEMINOLE,6RX1/2THBS,1,50,ea
PA-SEMINOLE,8RX1/2THBS,2,114,ea
PA-SEMINOLE,10RX1/2THBS,3,50,ea
PA-SEMINOLE,AN526C632R8,4,100,ea
PA-SEMINOLE,AN526C832R8,5,600,ea
PA-SEMINOLE,AN526C1032R8,6,51,ea
PA-SEMINOLE,MS24693-C28,7,11,ea
PA-SEMINOLE,MS24693-C50,8,242,ea
PA-SEMINOLE,MS24693-C272,9,150,ea
PA-SEMINOLE,NAS1515-H-08L,10,35,ea
PA-SEMINOLE,NAS1515-H-3L,11,35,ea
PA-SEMINOLE,DP1075-12SS,12,11,ea
PA-SEMINOLE,DP1080-17SS,13,250,ea
PA-SEMINOLE,DP1085-20SS,14,150,ea
PA-SENECA,AN526C632R8,1,50,ea
PA-SENECA,AN526C832R8,2,100,ea
PA-SENECA,AN526C1032R8,3,25,ea
PA-SENECA,MS24693-C28,4,50,ea
PA-SENECA,MS24693-C50,5,400,ea
PA-SENECA,MS24693-C272,6,50,ea
PA-SENECA,MS24693-C273,7,140,ea
PA-SENECA,6RX1/2THBS,8,25,ea
PA-SENECA,8RX1/2THBS,9,125,ea
PA-SENECA,10RX1/2THBS,10,25,ea
PA-SENECA,NAS1515-H-06L,11,50,ea
PA-SENECA,NAS1515-H-08L,12,50,ea
PA-SENECA,NAS1515-H-3L,13,50,ea
PA-SENECA,DP1080-17SS,14,375,ea
PA-SENECA,DP1085-20SS,15,140,ea
PA-SUPER CUB,AN526C632R8,1,40,ea
PA-SUPER CUB,AN526C632R10,2,30,ea
PA-SUPER CUB,AN526C832R8,3,70,ea
PA-SUPER CUB,AN526C1032R8,4,100,ea
PA-SUPER CUB,6RX1/2THBS,5,80,ea
PA-SUPER CUB,MS21044C06,6,64,ea
PA-SUPER CUB,MS21044C08,7,42,ea
PA-T COMANCHE,AN526C632R6,1,35,ea
PA-T COMANCHE,AN526C632R8,2,60,ea
PA-T COMANCHE,AN526C832R8,3,170,ea
PA-T COMANCHE,AN526C832R10,4,10,ea
PA-T COMANCHE,AN526C1032R8,5,25,ea
PA-T COMANCHE,AN526C1032R10,6,25,ea
PA-T COMANCHE,MS24693-C28,7,100,ea
PA-T COMANCHE,MS24693-C50,8,300,ea
PA-T COMANCHE,6RX1/2THBS,9,25,ea
PA-T COMANCHE,8RX1/2THBS,10,80,ea
PA-T COMANCHE,10RX1/2THBS,11,25,ea
PA-T COMANCHE,DP1080-17SS,12,220,ea
PA-T COMANCHE,NAS1515-H-08L,13,35,ea
PA-T COMANCHE,NAS1515-H-3L,14,35,ea
PA-TOMAHAWK,AN526C832R6,1,25,ea
PA-TOMAHAWK,AN526C832R8,2,70,ea
PA-TOMAHAWK,AN526C1032R8,3,10,ea
PA-TOMAHAWK,MS24693-C51,4,80,ea
PA-TOMAHAWK,MS24693-C52,5,80,ea
PA-TOMAHAWK,MS24693-C273,6,30,ea
PA-TOMAHAWK,8RX1/2THBS,7,100,ea
PA-TOMAHAWK,10RX1/2THBS,8,25,ea
PA-TOMAHAWK,NAS1515-H-08L,9,50,ea
PA-TOMAHAWK,NAS1515-H-3L,10,50,ea
PA-TOMAHAWK,DP1080-17SS,11,155,ea
PA-TOMAHAWK,DP1085-20SS,12,25,ea
PA-WARRIOR,AN526C632R8,1,30,ea
PA-WARRIOR,AN526C832R8,2,150,ea
PA-WARRIOR,AN526C832R10,3,13,ea
PA-WARRIOR,AN526C1032R8,4,70,ea
PA-WARRIOR,MS24693-C28,5,11,ea
PA-WARRIOR,MS24693-C50,6,112,ea
PA-WARRIOR,MS24693-C272,7,25,ea
PA-WARRIOR,8RX1/2THBS,8,115,ea
PA-WARRIOR,NAS1515-H-06L,9,35,ea
PA-WARRIOR,NAS1515-H-08L,10,35,ea
PA-WARRIOR,NAS1515-H-3L,11,35,ea
PA-WARRIOR,DP1080-17SS,12,115,ea
PA-WARRIOR,DP1085-20SS,13,26,ea
PA18-C1,85-11-140-20,1,14,ea
PA18-C1,85-11-180-20,2,6,ea
PA18-C1,85-11-200-20,3,6,ea
PA18-C1,85-34-201-20,4,20,ea
PA18-C1,85-35-295-15,5,20,ea
PA18-C1,MS20426AD4-5.5,6,1.5,oz
PA18-C2,85-11-140-16,1,6,ea
PA18-C2,85-11-200-16,2,10,ea
PA18-C2,85-14-060-16,3,8,ea
PA18-C2,85-32-150-18,4,8,ea
PA18-C2,85-34-201-20,5,21,ea
PA18-C2,85-35-295-15,6,21,ea
PA18-C2,MS20426AD4-5.5,7,1.5,oz
PA18-C3,85-11-140-20,1,18,ea
PA18-C3,85-11-160-20,2,5,ea
PA18-C3,85-34-201-20,3,18,ea
PA18-C3,85-35-295-15,4,18,ea
PA18-C3,CR3212-4-3,5,36,ea
PA23-C1,SK2600-2S,1,6,ea
PA23-C1,SK2600-3S,2,4,ea
PA23-C1,SK2600-4S,3,70,ea
PA23-C1,SK2600-5S,4,15,ea
PA23-C1,SK2600-LWS,5,10,ea
PA23-C1,SK2600-SW,6,83,ea
PA23-C1,SK2600-1SW,7,2,ea
PA23-C1,SK2600-2SW,8,2,ea
PA23-C1P,SK26S51-2,1,6,ea
PA23-C1P,SK26S51-3,2,4,ea
PA23-C1P,SK26S51-4,3,70,ea
PA23-C1P,SK26S51-5,4,15,ea
PA23-C1P,SK2600-LWS,5,10,ea
PA23-C1P,SK2600-SW,6,83,ea
PA23-C1P,SK2600-1SW,7,2,ea
PA23-C1P,SK2600-2SW,8,2,ea
PA23-C2,SK2600-4S,1,80,ea
PA23-C2,SK2600-5S,2,26,ea
PA23-C2,SK2600-7S,3,12,ea
PA23-C2,SK2600-9S,4,6,ea
PA23-C2,SK2600-SW,5,128,ea
PA23-C2P,SK26S51-4,1,80,ea
PA23-C2P,SK26S51-5,2,26,ea
PA23-C2P,SK26S51-6,3,4,ea
PA23-C2P,SK26S51-7,4,12,ea
PA23-C2P,SK26S51-9,5,6,ea
PA23-C2P,SK2600-SW,6,128,ea
PA23-C2P,SK2600-1SW,7,2,ea
PA23-C2P,SK2600-2SW,8,2,ea
PA23-C2P,SK2600-LWS,9,5,ea
PA23-C3,82-14-140-20,1,38,ea
PA23-C3,82-14-160-20,2,16,ea
PA23-C3,82-14-180-20 (Discontinued),3,20,ea
PA23-C3,82-14-240-20,4,16,ea
PA23-C3,82-14-260-20,5,4,ea
PA23-C3,82-32-201-20,6,96,ea
PA23-C4,SK4002-6S,1,44,ea
PA23-C4,SK4002-7S,2,6,ea
PA23-C4,SK4002-8S,3,6,ea
PA23-C4,SK4002-9S,4,14,ea
PA23-C4,SK4002-10S,5,4,ea
PA23-C4,SK-OS,6,66,ea
PA23-C4,SK-HS,7,2,ea
PA23-C4,SK-R4GS,8,72,ea
PA23-C4,SK2600-1SW,9,4,ea
PA23-C4,SK2600-2SW,10,2,ea
PA23-C4,SK2600-LWS,11,6,ea
PA23-C4P,SK40S5-6S,1,44,ea
PA23-C4P,SK40S5-7S,2,6,ea
PA23-C4P,SK40S5-8S,3,6,ea
PA23-C4P,SK40S5-9S,4,14,ea
PA23-C4P,SK40S5-10S,5,4,ea
PA23-C4P,SK-OS,6,66,ea
PA23-C4P,SK-HS,7,2,ea
PA23-C4P,SK-R4GS,8,72,ea
PA23-C4P,SK2600-1SW,9,4,ea
PA23-C4P,SK2600-2SW,10,2,ea
PA23-C4P,SK2600-LWS,11,6,ea
PA28-C1,SK4002-2S,1,2,ea
PA28-C1,SK4002-3S,2,2,ea
PA28-C1,SK4002-6S,3,5,ea
PA28-C1,SK4002-7S,4,17,ea
PA28-C1,SK-NS,5,35,ea
PA28-C1,SK-R4GS,6,35,ea
PA28-C1P,SK40S5-2S,1,2,ea
PA28-C1P,SK40S5-3S,2,2,ea
PA28-C1P,SK40S5-6S,3,5,ea
PA28-C1P,SK40S5-7S,4,17,ea
PA28-C1P,SK40S5-8S,5,9,ea
PA28-C1P,SK-NS,6,35,ea
PA28-C1P,SK-R4GS,7,35,ea
PA28-C1P,MS24694-C50,8,50,ea
PA28-C1P,DP1085-20SS,9,50,ea
PA28-FT1,MS27039C0809,1,40,ea
PA28-FT1,MS27039C0812,2,30,ea
PA28-FT1,MS24694-S56,3,2,ea
PA28-FT2,MS27039C0809,1,41,ea
PA28-FT2,MS27039C0812,2,47,ea
PA28-FT2,MS24694-S56,3,4,ea
PA30-2701P,SK27S3-2S,1,110,ea
PA30-2701P,SK213-2,2,110,ea
PA30-2701P,SK27S5-1S,3,110,ea
PA30-2701P,MS20426AD3-4C,4,3,ea
PA30-2701S,SK2700-2S,1,110,ea
PA30-2701S,SK213-2,2,110,ea
PA30-2701S,SK27S5-1S,3,110,ea
PA30-2701S,MS20426AD3-4C,4,3,ea
PA30-2702P,SK27S3-2S,1,30,ea
PA30-2702P,SK213-2,2,30,ea
PA30-2702P,SK27S5-1S,3,30,ea
PA30-2702P,MS20426AD3-4C,4,3,ea
PA30-2702S,SK2700-2S,1,30,ea
PA30-2702S,SK27S5-1S,2,30,ea
PA30-2702S,SK213-2,3,30,ea
PA30-2702S,MS20426AD3-4C,4,3,ea
PA30-C2,SK4002-6S,1,84,ea
PA30-C2,SK4002-7S,2,16,ea
PA30-C2,SK-OS,3,100,ea
PA30-C2,SK-R4GS,4,100,ea
PA30-C2,PA30C2.DOC,5,1,ea
PA30-C2P,SK40S5-6S,1,84,ea
PA30-C2P,SK40S5-7S,2,16,ea
PA30-C2P,SK-OS,3,100,ea
PA30-C2P,SK-R4GS,4,105,ea
PA30-NP1,82-14-120-20 (Discontinued),1,2,ea
PA30-NP1,82-14-140-20,2,8,ea
PA30-NP1,82-14-160-20,3,2,ea
PA30-NP1,82-14-180-20 (Discontinued),4,17,ea
PA30-NP1,82-14-240-20,5,2,ea
PA30-NP1,82-14-260-20,6,2,ea
PA30-NP1,82-32-201-20,7,30,ea
PA32-C1,SK4002-8S,1,10,ea
PA32-C1,SK4002-12S,2,2,ea
PA32-C1,SK-N3S,3,12,ea
PA32-C1,SK-R4GS,4,12,ea
PA32-C1,MS24693-C272,5,50,ea
PA32-C1,DP1085-20SS,6,50,ea
PA32-C1P,SK40S5-8S,1,10,ea
PA32-C1P,SK40S5-12S,2,2,ea
PA32-C1P,SK-N3S,3,12,ea
PA32-C1P,SK-R4GS,4,12,ea
PA32-C1P,MS24693-C272,5,50,ea
PA32-C1P,DP1085-20SS,6,50,ea
PA32-FT1,MS27039C0809,1,40,ea
PA32-FT1,MS27039C0812,2,30,ea
PA32-FT1,MS24693-C51,3,30,ea
PA32-FT1,DP1080-17SS,4,30,ea
PA32-FT2,MS27039C0809,1,40,ea
PA32-FT2,MS27039C0812,2,30,ea
PA32-FT2,NAS514P832-8,3,30,ea
PA32-FT2,DP1080-17SS,4,30,ea
PA32-FT3,MS27039C0809,1,40,ea
PA32-FT3,MS27039C0812,2,30,ea
PA32-FT3,MS24693-C50,3,30,ea
PA32-FT3,DP1080-17SS,4,30,ea
PA32-FT4,MS27039C0809,1,109,ea
PA32-FT4,MS27039C0812,2,60,ea
PA32-FT5,MS24694-C5,1,39,ea
PA32-FT5,MS24694-C14,2,43,ea
PA32-FT5,MS24694-C52,3,12,ea
PA34-C2,SK2700-5S,1,60,ea
PA34-C2,SK2700-6S,2,6,ea
PA34-C2,SK2700-7S,3,10,ea
PA34-C2,SK2700-8S,4,8,ea
PA34-C2,SK2700-9S,5,3,ea
PA34-C2,SK2700-10S,6,3,ea
PA34-C2,SK2700-11S,7,1,ea
PA34-C2,SK2600-SW,8,90,ea
PA34-C2,MS24693-C50,9,200,ea
PA34-C2P,SK27S3-5S,1,60,ea
PA34-C2P,SK27S3-6S,2,6,ea
PA34-C2P,SK27S3-7S,3,10,ea
PA34-C2P,SK27S3-8S,4,8,ea
PA34-C2P,SK27S3-9S,5,3,ea
PA34-C2P,SK27S3-10S,6,3,ea
PA34-C2P,SK27S3-11S,7,1,ea
PA34-C2P,SK2600-SW,8,90,ea
PA34-C2P,MS24693-C50,9,200,ea
PA34-C3,SK4002-5S,1,40,ea
PA34-C3,SK4002-6S,2,15,ea
PA34-C3,SK4002-7S,3,30,ea
PA34-C3,SK4002-8S,4,14,ea
PA34-C3,SK4002-9S,5,4,ea
PA34-C3,SK4002-10S,6,4,ea
PA34-C3,SK-NS,7,80,ea
PA34-C3,SK-OS,8,10,ea
PA34-C3,SK-R4GS,9,85,ea
PA34-C3,MS24693-C273,10,200,ea
PA34-C3P,SK40S5-5S,1,45,ea
PA34-C3P,SK40S5-6S,2,15,ea
PA34-C3P,SK40S5-7S,3,30,ea
PA34-C3P,SK40S5-8S,4,14,ea
PA34-C3P,SK40S5-9S,5,4,ea
PA34-C3P,SK40S5-10S,6,4,ea
PA34-C3P,SK-NS,7,80,ea
PA34-C3P,SK-OS,8,10,ea
PA34-C3P,SK-R4GS,9,85,ea
PA34-C3P,MS24693-C273,10,200,ea
PA34-C4,SK4002-5S,1,4,ea
PA34-C4,SK4002-6S,2,24,ea
PA34-C4,SK4002-7S,3,8,ea
PA34-C4,SK4002-8S,4,8,ea
PA34-C4,SK4002-9S,5,32,ea
PA34-C4,SK4002-10S,6,1,ea
PA34-C4,SK4002-11S,7,4,ea
PA34-C4,SK-OS,8,88,ea
PA34-C4,SK-R4GS,9,88,ea
PA34-C4,MS24694-C51,10,100,ea
PA34-C4P,SK40S5-5S,1,4,ea
PA34-C4P,SK40S5-6S,2,24,ea
PA34-C4P,SK40S5-7S,3,8,ea
PA34-C4P,SK40S5-8S,4,8,ea
PA34-C4P,SK40S5-9S,5,32,ea
PA34-C4P,SK40S5-10S,6,1,ea
PA34-C4P,SK40S5-11S,7,4,ea
PA34-C4P,SK-OS,8,88,ea
PA34-C4P,SK-R4GS,9,88,ea
PA34-C4P,MS24694-C51,10,100,ea
PA34-FT1,MS27039C0809,1,230,ea
PA34-FT1,MS27039C0812,2,60,ea
PA34-FT2,MS27039C0809,1,152,ea
PA34-FT2,MS27039C0812,2,30,ea
PA44-C1,SK4002-4S,1,12,ea
PA44-C1,SK4002-5S,2,22,ea
PA44-C1,SK4002-6S,3,4,ea
PA44-C1,SK4002-7S,4,4,ea
PA44-C1,SK4002-8S,5,6,ea
PA44-C1,SK-NS,6,44,ea
PA44-C1,SK-R4GS,7,46,ea
PA44-C1,MS24694-C50,8,50,ea
PA44-C1,MS24694-C65,9,25,ea
PA44-C1,DP1085-20SS,10,50,ea
PA44-C1P,SK40S5-4S,1,12,ea
PA44-C1P,SK40S5-5S,2,22,ea
PA44-C1P,SK40S5-6S,3,4,ea
PA44-C1P,SK40S5-7S,4,4,ea
PA44-C1P,SK40S5-8S,5,6,ea
PA44-C1P,SK-NS,6,44,ea
PA44-C1P,SK-R4GS,7,46,ea
PA44-C1P,MS24694-C50,8,50,ea
PA44-C1P,MS24694-C65,9,25,ea
PA44-C1P,DP1085-20SS,10,50,ea
PA46-C1,SK4002-4S,1,2,ea
PA46-C1,SK4002-5S,2,4,ea
PA46-C1,SK4002-6S,3,2,ea
PA46-C1,SK4002-7S,4,15,ea
PA46-C1,SK4002-8S,5,8,ea
PA46-C1,SK4002-9S,6,3,ea
PA46-C1,SK4002-10S,7,5,ea
PA46-C1,SK4002-11S,8,4,ea
PA46-C1,SK4002-14S,9,2,ea
PA46-C1,SK-NS,10,36,ea
PA46-C1,SK-R4GS,11,38,ea
PA46-C1,MS24693-C272,12,75,ea
PA46-C1,MS24693-C273,13,25,ea
PA46-C1,DP1085-20SS,14,25,ea
PA46-C1P,SK40S5-4S,1,2,ea
PA46-C1P,SK40S5-5S,2,4,ea
PA46-C1P,SK40S5-6S,3,2,ea
PA46-C1P,SK40S5-7S,4,15,ea
PA46-C1P,SK40S5-8S,5,8,ea
PA46-C1P,SK40S5-9S,6,3,ea
PA46-C1P,SK40S5-10S,7,5,ea
PA46-C1P,SK40S5-14S,8,2,ea
PA46-C1P,SK-NS,9,36,ea
PA46-C1P,SK-R4GS,10,38,ea
PA46-C1P,SK40S5-11S,11,4,ea
PA46-C1P,MS24693-C272,12,75,ea
PA46-C1P,MS24693-C273,13,25,ea
PA46-C1P,DP1085-20SS,14,25,ea
PA600-C1,SK4002-3S,1,88,ea
PA600-C1,SK4002-4S,2,18,ea
PA600-C1,SK4002-5S,3,28,ea
PA600-C1,SK4002-6S,4,34,ea
PA600-C1,SK4002-7S,5,10,ea
PA600-C1,SK-NS,6,122,ea
PA600-C1,SK-OS,7,40,ea
PA600-C1,SK-R4GS,8,162,ea
PA600-C1,MS24693-C50,9,50,ea
PA600-C1,MS24693-C273,10,50,ea
PA600-C1,DP1085-20SS,11,50,ea
PA600-C1P,SK40S5-3S,1,88,ea
PA600-C1P,SK40S5-4S,2,18,ea
PA600-C1P,SK40S5-5S,3,28,ea
PA600-C1P,SK40S5-6S,4,34,ea
PA600-C1P,SK40S5-7S,5,10,ea
PA600-C1P,SK-NS,6,122,ea
PA600-C1P,SK-OS,7,40,ea
PA600-C1P,SK-R4GS,8,162,ea
PA600-C1P,MS24693-C50,9,50,ea
PA600-C1P,MS24693-C273,10,50,ea
PA600-C1P,DP1085-20SS,11,50,ea
PA700-C1,SK4002-3S,1,118,ea
PA700-C1,SK4002-4S,2,15,ea
PA700-C1,SK4002-5S,3,30,ea
PA700-C1,SK4002-6S,4,8,ea
PA700-C1,SK-NS,5,162,ea
PA700-C1,SK-R4GS,6,165,ea
PA700-C1,MS24693-C50,7,50,ea
PA700-C1,MS24693-C272,8,50,ea
PA700-C1,DP1085-20SS,9,50,ea
PA700-C1P,SK40S5-3S,1,118,ea
PA700-C1P,SK40S5-4S,2,15,ea
PA700-C1P,SK40S5-5S,3,30,ea
PA700-C1P,SK40S5-6S,4,9,ea
PA700-C1P,SK-NS,5,162,ea
PA700-C1P,SK-R4GS,6,165,ea
PA700-C1P,MS24693-C50,7,50,ea
PA700-C1P,MS24693-C272,8,50,ea
PA700-C1P,DP1085-20SS,9,50,ea
R-COMMANDER 500,AN526C832R6,1,100,ea
R-COMMANDER 500,AN526C832R8,2,200,ea
R-COMMANDER 500,AN526C1032R8,3,200,ea
R-COMMANDER 500,AN526C1032R10,4,100,ea
R-COMMANDER 500,MS24693-C48,5,100,ea
R-COMMANDER 500,MS24693-C50,6,300,ea
R-COMMANDER 500,MS24693-C272,7,100,ea
R-COMMANDER 500,AN526C832R10,8,400,ea
R-COMMANDER 500,MS24693-C273,9,200,ea
R-COMMANDER 500,MS24693-C276,10,100,ea
R-COMMANDER 500,6RX1/2THBS,11,100,ea
R-COMMANDER 500,8RX1/2THBS,12,200,ea
R-COMMANDER 500,10RX1/2THBS,13,100,ea
R-COMMANDER 500,8RX1/2FHBS100,14,100,ea
R-COMMANDER 500,10RX1/2FHBS100 (DISCONTINUED),15,100,ea
R-COMMANDER 500,NAS1515-H-08L,16,200,ea
R-COMMANDER 500,NAS1515-H-3L,17,200,ea
R-COMMANDER 500,DP1080-17SS,18,100,ea
R-COMMANDER 500,DP1085-20SS,19,100,ea
RV-OD1,ZG2600-1W,1,2,ea
RV-OD1,SK213-2,2,2,ea
RV-OD1,SK2600-LWS,3,2,ea
RV-OD1,Template-213,4,1,ea
RV-OD2,SK28S3-2S,1,2,ea
RV-OD2,SK213-2,2,2,ea
RV-OD2,SK2600-LWS,3,2,ea
RV-OD2,Template-213,4,1,ea
RV1014J-C1P,SK245A162A,1,62,ea
RV1014J-C1P,SK245A161-INS,2,2,ea
RV1014J-C1P,SK40S5-2S,3,62,ea
RV1014J-C1P,SK-OSG1-8,4,62,ea
RV1014J-C1P,SK-O18S,5,2,ea
RV1014J-C1P,SK-R4GS,6,64,ea
RV1014J-C1P,SK-RVFS1,7,64,ea
RV1014J-C1P,SK-RVC,8,10,ea
RV1014J-C1P,MS20426AD3-4C,9,2,ea
RV1014J-C1P,MS20426AD3-5C,10,1,ea
RV1014J-C1P,MS20426AD4-4C,11,2,ea
RV1014J-C1P,MS21059L3,12,10,ea
RV1014J-C1P,MS24693-C272,13,10,ea
RV1014J-C1P,DP1085-20SS,14,10,ea
RV1014J-C1P,RV Instructions,15,1,ea
RV1014J-C1P,SK-RET012,16,65,ea
RV1014J-C1P,Template-215,17,1,ea
RV1014J-C1P,Template-245,18,1,ea
RV1014J-C1P,D188C,19,6,ea
RV1014J-C1P-F,SK245A162A,1,36,ea
RV1014J-C1P-F,SK245A161-INS,2,2,ea
RV1014J-C1P-F,SK40S5-2S,3,36,ea
RV1014J-C1P-F,SK-OSG1-8,4,36,ea
RV1014J-C1P-F,SK-O18S,5,2,ea
RV1014J-C1P-F,SK-R4GS,6,38,ea
RV1014J-C1P-F,SK-RVFS1,7,38,ea
RV1014J-C1P-F,SK-RVC,8,10,ea
RV1014J-C1P-F,MS20426AD3-4C,9,1,ea
RV1014J-C1P-F,MS20426AD3-5C,10,1,ea
RV1014J-C1P-F,MS20426AD4-4C,11,1,ea
RV1014J-C1P-F,RV Instructions,12,1,ea
RV1014J-C1P-F,SK-RET012,13,65,ea
RV1014J-C1P-F,D188C,14,6,ea
RV1014J-C1P-S,SK245A162A,1,26,ea
RV1014J-C1P-S,SK245A161-INS,2,2,ea
RV1014J-C1P-S,SK40S5-2S,3,26,ea
RV1014J-C1P-S,SK-OSG1-8,4,26,ea
RV1014J-C1P-S,SK-O18S,5,2,ea
RV1014J-C1P-S,SK-R4GS,6,28,ea
RV1014J-C1P-S,SK-RVFS1,7,28,ea
RV1014J-C1P-S,MS20426AD3-4C,8,1,ea
RV1014J-C1P-S,MS20426AD3-5C,9,1,ea
RV1014J-C1P-S,MS20426AD4-4C,10,1,ea
RV1014J-C1P-S,MS21059L3,11,10,ea
RV1014J-C1P-S,MS24693-C272,12,10,ea
RV1014J-C1P-S,DP1085-20SS,13,10,ea
RV1014J-C1P-S,RV Instructions,14,1,ea
RV1014J-C1P-S,SK-RET012,15,65,ea
RV1014J-C1P-S,D188C,16,6,ea
RV1014J-C1P-U,SK40S5-2S,1,45,ea
RV1014J-C1P-U,SK-OSG1-8,2,45,ea
RV1014J-C1P-U,SK-O18S,3,2,ea
RV1014J-C1P-U,SK-R4GS,4,47,ea
RV1014J-C1P-U,SK245A161-INS,5,2,ea
RV1014J-C1P-U,SK245A162A,6,45,ea
RV1014J-C1P-U,SK-RVFS1,7,47,ea
RV1014J-C1P-U,SK-RVC,8,5,ea
RV1014J-C1P-U,MS20426AD3-4C,9,1,ea
RV1014J-C1P-U,MS20426AD3-5C,10,1,ea
RV1014J-C1P-U,MS20426AD4-4C,11,1,ea
RV1014J-C1P-U,MS21059L3,12,10,ea
RV1014J-C1P-U,MS24693-C272,13,10,ea
RV1014J-C1P-U,DP1085-20SS,14,10,ea
RV1014J-C1P-U,RV Instructions,15,1,ea
RV1014J-C1P-U,SK-RET012,16,65,ea
RV1014J-C1P-U,D188C,17,6,ea
RV1014J-C1P-UF,SK245A162A,1,19,ea
RV1014J-C1P-UF,SK245A161-INS,2,2,ea
RV1014J-C1P-UF,SK40S5-2S,3,19,ea
RV1014J-C1P-UF,SK-OSG1-8,4,19,ea
RV1014J-C1P-UF,SK-O18S,5,2,ea
RV1014J-C1P-UF,SK-R4GS,6,21,ea
RV1014J-C1P-UF,SK-RVFS1,7,21,ea
RV1014J-C1P-UF,SK-RVC,8,5,ea
RV1014J-C1P-UF,MS20426AD3-4C,9,1,ea
RV1014J-C1P-UF,MS20426AD3-5C,10,1,ea
RV1014J-C1P-UF,MS20426AD4-4C,11,1,ea
RV1014J-C1P-UF,RV Instructions,12,1,ea
RV1014J-C1P-UF,SK-RET012,13,30,ea
RV1014J-C1P-UF,D188C,14,6,ea
RV1014J-C1S,SK245A162A,1,62,ea
RV1014J-C1S,SK245A161-INS,2,2,ea
RV1014J-C1S,SK4002-2S,3,62,ea
RV1014J-C1S,SK-OSG1-8,4,62,ea
RV1014J-C1S,SK-O18S,5,2,ea
RV1014J-C1S,SK-R4GS,6,64,ea
RV1014J-C1S,SK-RVFS1,7,64,ea
RV1014J-C1S,SK-RVC,8,10,ea
RV1014J-C1S,MS20426AD3-4C,9,2,ea
RV1014J-C1S,MS20426AD3-5C,10,1,ea
RV1014J-C1S,MS20426AD4-4C,11,2,ea
RV1014J-C1S,MS21059L3,12,10,ea
RV1014J-C1S,MS24693-C272,13,10,ea
RV1014J-C1S,DP1085-20SS,14,10,ea
RV1014J-C1S,RV Instructions,15,1,ea
RV1014J-C1S,SK-RET012,16,65,ea
RV1014J-C1S,Template-215,17,1,ea
RV1014J-C1S,Template-245,18,1,ea
RV1014J-C1S,D188C,19,6,ea
RV1014J-C1S-F,SK4002-2S,1,36,ea
RV1014J-C1S-F,SK-OSG1-8,2,36,ea
RV1014J-C1S-F,SK-R4GS,3,38,ea
RV1014J-C1S-F,SK245A161-INS,4,2,ea
RV1014J-C1S-F,SK245A162A,5,36,ea
RV1014J-C1S-F,SK-RVFS1,6,38,ea
RV1014J-C1S-F,SK-RVC,7,10,ea
RV1014J-C1S-F,MS20426AD3-4C,8,1,ea
RV1014J-C1S-F,MS20426AD3-5C,9,1,ea
RV1014J-C1S-F,MS20426AD4-4C,10,1,ea
RV1014J-C1S-F,RV Instructions,11,1,ea
RV1014J-C1S-F,SK-RET012,12,65,ea
RV1014J-C1S-F,D188C,13,6,ea
RV1014J-C1S-S,SK245A162A,1,26,ea
RV1014J-C1S-S,SK245A161-INS,2,2,ea
RV1014J-C1S-S,SK4002-2S,3,26,ea
RV1014J-C1S-S,SK-OSG1-8,4,26,ea
RV1014J-C1S-S,SK-O18S,5,2,ea
RV1014J-C1S-S,SK-R4GS,6,28,ea
RV1014J-C1S-S,SK-RVFS1,7,28,ea
RV1014J-C1S-S,MS20426AD3-4C,8,1,ea
RV1014J-C1S-S,MS20426AD3-5C,9,1,ea
RV1014J-C1S-S,MS20426AD4-4C,10,1,ea
RV1014J-C1S-S,MS24693-C272,11,10,ea
RV1014J-C1S-S,DP1085-20SS,12,10,ea
RV1014J-C1S-S,MS21059L3,13,10,ea
RV1014J-C1S-S,RV Instructions,14,1,ea
RV1014J-C1S-S,SK-RET012,15,30,ea
RV1014J-C1S-S,D188C,16,6,ea
RV1014J-C1S-U,SK245A162A,1,45,ea
RV1014J-C1S-U,SK245A161-INS,2,2,ea
RV1014J-C1S-U,SK4002-2S,3,45,ea
RV1014J-C1S-U,SK-OSG1-8,4,45,ea
RV1014J-C1S-U,SK-O18S,5,2,ea
RV1014J-C1S-U,SK-R4GS,6,47,ea
RV1014J-C1S-U,SK-RVFS1,7,47,ea
RV1014J-C1S-U,SK-RVC,8,5,ea
RV1014J-C1S-U,MS20426AD3-4C,9,1,ea
RV1014J-C1S-U,MS20426AD3-5C,10,1,ea
RV1014J-C1S-U,MS20426AD4-4C,11,1,ea
RV1014J-C1S-U,MS21059L3,12,10,ea
RV1014J-C1S-U,MS24693-C272,13,10,ea
RV1014J-C1S-U,DP1085-20SS,14,10,ea
RV1014J-C1S-U,RV Instructions,15,1,ea
RV1014J-C1S-U,SK-RET012,16,65,ea
RV1014J-C1S-U,D188C,17,6,ea
RV1014J-C1S-UF,SK245A162A,1,19,ea
RV1014J-C1S-UF,SK245A161-INS,2,2,ea
RV1014J-C1S-UF,SK4002-2S,3,19,ea
RV1014J-C1S-UF,SK-OSG1-8,4,19,ea
RV1014J-C1S-UF,SK-O18S,5,2,ea
RV1014J-C1S-UF,SK-R4GS,6,21,ea
RV1014J-C1S-UF,SK-RVFS1,7,21,ea
RV1014J-C1S-UF,SK-RVC,8,5,ea
RV1014J-C1S-UF,MS20426AD3-4C,9,1,ea
RV1014J-C1S-UF,MS20426AD3-5C,10,1,ea
RV1014J-C1S-UF,MS20426AD4-4C,11,1,ea
RV1014J-C1S-UF,RV Instructions,12,1,ea
RV1014J-C1S-UF,SK-RET012,13,30,ea
RV1014J-C1S-UF,D188C,14,6,ea
RV4J-C1P,SK245A162A,1,38,ea
RV4J-C1P,SK245A161-INS,2,2,ea
RV4J-C1P,SK40S5-2S,3,38,ea
RV4J-C1P,SK-OSG1-8,4,38,ea
RV4J-C1P,SK-O18S,5,2,ea
RV4J-C1P,SK-R4GS,6,38,ea
RV4J-C1P,SK-RVFS1,7,40,ea
RV4J-C1P,SK-RVC,8,10,ea
RV4J-C1P,MS20426AD3-4C,9,1,ea
RV4J-C1P,MS20426AD3-5C,10,1,ea
RV4J-C1P,MS20426AD4-4C,11,1,ea
RV4J-C1P,MS21059L3,12,10,ea
RV4J-C1P,MS24693-C272,13,10,ea
RV4J-C1P,DP1085-20SS,14,10,ea
RV4J-C1P,RV Instructions,15,1,ea
RV4J-C1P,SK-RET012,16,65,ea
RV4J-C1P,D188C,17,6,ea
RV4J-C1P-C,SK40S5-2S,1,8,ea
RV4J-C1P-C,SK-O18S,2,8,ea
RV4J-C1P-C,SK-R4GS,3,8,ea
RV4J-C1P-C,SK245A162A,4,8,ea
RV4J-C1P-C,SK-RVFS1,5,8,ea
RV4J-C1P-C,SK245A161-INS,6,2,ea
RV4J-C1P-C,SK-RET012,7,30,ea
RV4J-C1P-C,D188C,8,6,ea
RV4J-C1P-F,SK40S5-2S,1,18,ea
RV4J-C1P-F,SK-OSG1-8,2,18,ea
RV4J-C1P-F,SK-R4GS,3,20,ea
RV4J-C1P-F,SK245A162A,4,18,ea
RV4J-C1P-F,SK245A161-INS,5,2,ea
RV4J-C1P-F,MS20426AD3-4C,6,2,ea
RV4J-C1P-F,MS20426AD3-5C,7,1,ea
RV4J-C1P-F,MS20426AD4-4C,8,2,ea
RV4J-C1P-F,RV Instructions,9,1,ea
RV4J-C1P-F,SK-O18S,10,2,ea
RV4J-C1P-F,SK-RVFS1,11,20,ea
RV4J-C1P-F,SK-RVC,12,10,ea
RV4J-C1P-F,SK-RET012,13,30,ea
RV4J-C1P-F,D188C,14,6,ea
RV4J-C1P-S,SK245A162A,1,20,ea
RV4J-C1P-S,SK245A161-INS,2,2,ea
RV4J-C1P-S,SK40S5-2S,3,20,ea
RV4J-C1P-S,SK-OSG1-8,4,20,ea
RV4J-C1P-S,SK-O18S,5,2,ea
RV4J-C1P-S,SK-R4GS,6,22,ea
RV4J-C1P-S,SK-RVFS1,7,20,ea
RV4J-C1P-S,MS20426AD3-4C,8,1,ea
RV4J-C1P-S,MS20426AD3-5C,9,1,ea
RV4J-C1P-S,MS20426AD4-4C,10,1,ea
RV4J-C1P-S,MS21059L3,11,10,ea
RV4J-C1P-S,DP1085-20SS,12,10,ea
RV4J-C1P-S,MS24693-C272,13,10,ea
RV4J-C1P-S,RV Instructions,14,1,ea
RV4J-C1P-S,SK-RET012,15,30,ea
RV4J-C1P-S,D188C,16,6,ea
RV4J-C1P-U,SK245A162A,1,30,ea
RV4J-C1P-U,SK245A161-INS,2,2,ea
RV4J-C1P-U,SK40S5-2S,3,30,ea
RV4J-C1P-U,SK-OSG1-8,4,30,ea
RV4J-C1P-U,SK-O18S,5,2,ea
RV4J-C1P-U,SK-R4GS,6,32,ea
RV4J-C1P-U,SK-RVFS1,7,32,ea
RV4J-C1P-U,SK-RVC,8,10,ea
RV4J-C1P-U,MS20426AD3-4C,9,1,ea
RV4J-C1P-U,MS20426AD3-5C,10,1,ea
RV4J-C1P-U,MS20426AD4-4C,11,1,ea
RV4J-C1P-U,MS21059L3,12,10,ea
RV4J-C1P-U,MS24693-C272,13,10,ea
RV4J-C1P-U,DP1085-20SS,14,10,ea
RV4J-C1P-U,SK-RET012,15,30,ea
RV4J-C1P-U,RV Instructions,16,1,ea
RV4J-C1P-U,D188C,17,6,ea
RV4J-C1P-UF,SK245A162A,1,10,ea
RV4J-C1P-UF,SK245A161-INS,2,2,ea
RV4J-C1P-UF,SK40S5-2S,3,10,ea
RV4J-C1P-UF,SK-OSG1-8,4,10,ea
RV4J-C1P-UF,SK-O18S,5,2,ea
RV4J-C1P-UF,SK-R4GS,6,12,ea
RV4J-C1P-UF,SK-RVFS1,7,12,ea
RV4J-C1P-UF,SK-RVC,8,5,ea
RV4J-C1P-UF,MS20426AD3-4C,9,1,ea
RV4J-C1P-UF,MS20426AD3-5C,10,1,ea
RV4J-C1P-UF,MS20426AD4-4C,11,1,ea
RV4J-C1P-UF,RV Instructions,12,1,ea
RV4J-C1P-UF,SK-RET012,13,30,ea
RV4J-C1P-UF,D188C,14,6,ea
RV4J-C1S-S,SK245A162A,1,20,ea
RV4J-C1S-S,SK245A161-INS,2,2,ea
RV4J-C1S-S,SK4002-2S,3,20,ea
RV4J-C1S-S,SK-OSG1-8,4,20,ea
RV4J-C1S-S,SK-O18S,5,2,ea
RV4J-C1S-S,SK-R4GS,6,22,ea
RV4J-C1S-S,SK-RVFS1,7,20,ea
RV4J-C1S-S,MS20426AD3-4C,8,1,ea
RV4J-C1S-S,MS20426AD3-5C,9,1,ea
RV4J-C1S-S,MS20426AD4-4C,10,1,ea
RV4J-C1S-S,MS21059L3,11,10,ea
RV4J-C1S-S,DP1085-20SS,12,10,ea
RV4J-C1S-S,MS24693-C272,13,10,ea
RV4J-C1S-S,RV Instructions,14,1,ea
RV4J-C1S-S,SK-RET012,15,30,ea
RV4J-C1S-S,D188C,16,6,ea
RV4J-C1S-UF,SK4002-2S,1,10,ea
RV4J-C1S-UF,SK-OSG1-8,2,10,ea
RV4J-C1S-UF,SK-O18S,3,2,ea
RV4J-C1S-UF,SK-R4GS,4,12,ea
RV4J-C1S-UF,SK245A162A,5,10,ea
RV4J-C1S-UF,SK245A161-INS,6,2,ea
RV4J-C1S-UF,SK-RVFS1,7,12,ea
RV4J-C1S-UF,SK-RVC,8,5,ea
RV4J-C1S-UF,MS20426AD3-4C,9,1,ea
RV4J-C1S-UF,MS20426AD3-5C,10,1,ea
RV4J-C1S-UF,MS20426AD4-4C,11,1,ea
RV4J-C1S-UF,RV Instructions,12,1,ea
RV4J-C1S-UF,SK-RET012,13,30,ea
RV4J-C1S-UF,D188C,14,6,ea
RV679J-C1P,SK245A162A,1,52,ea
RV679J-C1P,SK245A161-INS,2,2,ea
RV679J-C1P,SK40S5-2S,3,52,ea
RV679J-C1P,SK-OSG1-8,4,52,ea
RV679J-C1P,SK-O18S,5,2,ea
RV679J-C1P,SK-R4GS,6,54,ea
RV679J-C1P,SK-RVFS1,7,54,ea
RV679J-C1P,SK-RVC,8,10,ea
RV679J-C1P,MS20426AD3-4C,9,2,ea
RV679J-C1P,MS20426AD3-5C,10,1,ea
RV679J-C1P,MS20426AD4-4C,11,2,ea
RV679J-C1P,MS21059L3,12,10,ea
RV679J-C1P,MS24693-C272,13,10,ea
RV679J-C1P,DP1085-20SS,14,10,ea
RV679J-C1P,RV Instructions,15,1,ea
RV679J-C1P,SK-RET012,16,65,ea
RV679J-C1P,Template-215,17,1,ea
RV679J-C1P,Template-245,18,1,ea
RV679J-C1P,D188C,19,6,ea
RV679J-C1P-F,SK245A162A,1,32,ea
RV679J-C1P-F,SK245A161-INS,2,2,ea
RV679J-C1P-F,SK40S5-2S,3,32,ea
RV679J-C1P-F,SK-OSG1-8,4,32,ea
RV679J-C1P-F,SK-O18S,5,2,ea
RV679J-C1P-F,SK-R4GS,6,34,ea
RV679J-C1P-F,MS20426AD3-4C,7,1,ea
RV679J-C1P-F,MS20426AD3-5C,8,1,ea
RV679J-C1P-F,MS20426AD4-4C,9,1,ea
RV679J-C1P-F,SK-RVFS1,10,34,ea
RV679J-C1P-F,SK-RVC,11,10,ea
RV679J-C1P-F,RV Instructions,12,1,ea
RV679J-C1P-F,SK-RET012,13,65,ea
RV679J-C1P-F,D188C,14,6,ea
RV679J-C1P-S,SK245A162A,1,20,ea
RV679J-C1P-S,SK245A161-INS,2,2,ea
RV679J-C1P-S,SK40S5-2S,3,20,ea
RV679J-C1P-S,SK-OSG1-8,4,20,ea
RV679J-C1P-S,SK-O18S,5,2,ea
RV679J-C1P-S,SK-R4GS,6,22,ea
RV679J-C1P-S,SK-RVFS1,7,22,ea
RV679J-C1P-S,MS20426AD3-4C,8,1,ea
RV679J-C1P-S,MS20426AD3-5C,9,1,ea
RV679J-C1P-S,MS20426AD4-4C,10,1,ea
RV679J-C1P-S,MS21059L3,11,10,ea
RV679J-C1P-S,MS24693-C272,12,10,ea
RV679J-C1P-S,DP1085-20SS,13,10,ea
RV679J-C1P-S,RV Instructions,14,1,ea
RV679J-C1P-S,SK-RET012,15,30,ea
RV679J-C1P-S,D188C,16,6,ea
RV679J-C1P-U,SK245A162A,1,36,ea
RV679J-C1P-U,SK245A161-INS,2,2,ea
RV679J-C1P-U,SK40S5-2S,3,36,ea
RV679J-C1P-U,SK-OSG1-8,4,36,ea
RV679J-C1P-U,SK-O18S,5,2,ea
RV679J-C1P-U,SK-R4GS,6,38,ea
RV679J-C1P-U,SK-RVFS1,7,38,ea
RV679J-C1P-U,SK-RVC,8,10,ea
RV679J-C1P-U,MS20426AD3-4C,9,1,ea
RV679J-C1P-U,MS20426AD3-5C,10,1,ea
RV679J-C1P-U,MS20426AD4-4C,11,1,ea
RV679J-C1P-U,MS21059L3,12,10,ea
RV679J-C1P-U,MS24693-C272,13,10,ea
RV679J-C1P-U,DP1085-20SS,14,10,ea
RV679J-C1P-U,RV Instructions,15,1,ea
RV679J-C1P-U,SK-RET012,16,65,ea
RV679J-C1P-U,D188C,17,6,ea
RV679J-C1P-UF,SK245A162A,1,17,ea
RV679J-C1P-UF,SK245A161-INS,2,2,ea
RV679J-C1P-UF,SK40S5-2S,3,17,ea
RV679J-C1P-UF,SK-OSG1-8,4,17,ea
RV679J-C1P-UF,SK-O18S,5,2,ea
RV679J-C1P-UF,SK-R4GS,6,19,ea
RV679J-C1P-UF,SK-RVFS1,7,18,ea
RV679J-C1P-UF,SK-RVC,8,5,ea
RV679J-C1P-UF,MS20426AD3-4C,9,1,ea
RV679J-C1P-UF,MS20426AD3-5C,10,1,ea
RV679J-C1P-UF,MS20426AD4-4C,11,1,ea
RV679J-C1P-UF,RV Instructions,12,1,ea
RV679J-C1P-UF,SK-RET012,13,30,ea
RV679J-C1P-UF,D188C,14,6,ea
RV679J-C1S,SK245A162A,1,52,ea
RV679J-C1S,SK245A161-INS,2,2,ea
RV679J-C1S,SK4002-2S,3,52,ea
RV679J-C1S,SK-OSG1-8,4,52,ea
RV679J-C1S,SK-O18S,5,2,ea
RV679J-C1S,SK-R4GS,6,54,ea
RV679J-C1S,SK-RVC,7,10,ea
RV679J-C1S,MS20426AD3-4C,8,2,ea
RV679J-C1S,MS20426AD3-5C,9,1,ea
RV679J-C1S,MS20426AD4-4C,10,2,ea
RV679J-C1S,MS21059L3,11,10,ea
RV679J-C1S,MS24693-C272,12,10,ea
RV679J-C1S,DP1085-20SS,13,10,ea
RV679J-C1S,SK-RVFS1,14,54,ea
RV679J-C1S,SK-RET012,15,65,ea
RV679J-C1S,Template-215,16,1,ea
RV679J-C1S,Template-245,17,1,ea
RV679J-C1S,D188C,18,6,ea
RV679J-C1S,RV Instructions,19,1,ea
RV679J-C1S-U,SK4002-2S,1,36,ea
RV679J-C1S-U,SK-OSG1-8,2,36,ea
RV679J-C1S-U,SK-O18S,3,2,ea
RV679J-C1S-U,SK-R4GS,4,38,ea
RV679J-C1S-U,SK-RVFS1,5,38,ea
RV679J-C1S-U,SK-RVC,6,10,ea
RV679J-C1S-U,MS20426AD3-4C,7,1,ea
RV679J-C1S-U,MS20426AD3-5C,8,1,ea
RV679J-C1S-U,MS20426AD4-4C,9,1,ea
RV679J-C1S-U,SK245A162A,10,36,ea
RV679J-C1S-U,SK245A161-INS,11,2,ea
RV679J-C1S-U,MS21059L3,12,10,ea
RV679J-C1S-U,MS24693-C272,13,10,ea
RV679J-C1S-U,DP1085-20SS,14,10,ea
RV679J-C1S-U,RV Instructions,15,1,ea
RV679J-C1S-U,SK-RET012,16,65,ea
RV679J-C1S-U,D188C,17,6,ea
RV679J-C1S-UF,SK245A162A,1,17,ea
RV679J-C1S-UF,SK245A161-INS,2,2,ea
RV679J-C1S-UF,SK4002-2S,3,17,ea
RV679J-C1S-UF,SK-OSG1-8,4,17,ea
RV679J-C1S-UF,SK-O18S,5,2,ea
RV679J-C1S-UF,SK-R4GS,6,19,ea
RV679J-C1S-UF,SK-RVFS1,7,18,ea
RV679J-C1S-UF,SK-RVC,8,5,ea
RV679J-C1S-UF,MS20426AD3-4C,9,1,ea
RV679J-C1S-UF,MS20426AD3-5C,10,1,ea
RV679J-C1S-UF,MS20426AD4-4C,11,1,ea
RV679J-C1S-UF,RV Instructions,12,1,ea
RV679J-C1S-UF,SK-RET012,13,30,ea
RV679J-C1S-UF,D188C,14,6,ea
RV8J-C1P,SK245A162A,1,50,ea
RV8J-C1P,SK245A161-INS,2,2,ea
RV8J-C1P,SK40S5-2S,3,50,ea
RV8J-C1P,SK-OSG1-8,4,50,ea
RV8J-C1P,SK-O18S,5,2,ea
RV8J-C1P,SK-R4GS,6,52,ea
RV8J-C1P,SK-RVFS1,7,52,ea
RV8J-C1P,SK-RVC,8,10,ea
RV8J-C1P,MS20426AD3-4C,9,2,ea
RV8J-C1P,MS20426AD3-5C,10,1,ea
RV8J-C1P,MS20426AD4-4C,11,2,ea
RV8J-C1P,MS21059L3,12,10,ea
RV8J-C1P,MS24693-C272,13,10,ea
RV8J-C1P,DP1085-20SS,14,10,ea
RV8J-C1P,RV Instructions,15,1,ea
RV8J-C1P,SK-RET012,16,65,ea
RV8J-C1P,Template-215,17,1,ea
RV8J-C1P,Template-245,18,1,ea
RV8J-C1P,D188C,19,6,ea
RV8J-C1P-F,SK245A162A,1,30,ea
RV8J-C1P-F,SK245A161-INS,2,2,ea
RV8J-C1P-F,SK40S5-2S,3,30,ea
RV8J-C1P-F,SK-OSG1-8,4,30,ea
RV8J-C1P-F,SK-O18S,5,2,ea
RV8J-C1P-F,SK-R4GS,6,32,ea
RV8J-C1P-F,SK-RVFS1,7,32,ea
RV8J-C1P-F,SK-RVC,8,10,ea
RV8J-C1P-F,MS20426AD3-4C,9,1,ea
RV8J-C1P-F,MS20426AD3-5C,10,1,ea
RV8J-C1P-F,MS20426AD4-4C,11,1,ea
RV8J-C1P-F,RV Instructions,12,1,ea
RV8J-C1P-F,SK-RET012,13,30,ea
RV8J-C1P-F,D188C,14,6,ea
RV8J-C1P-S,SK245A162A,1,20,ea
RV8J-C1P-S,SK245A161-INS,2,2,ea
RV8J-C1P-S,SK40S5-2S,3,20,ea
RV8J-C1P-S,SK-OSG1-8,4,20,ea
RV8J-C1P-S,SK-O18S,5,2,ea
RV8J-C1P-S,SK-R4GS,6,22,ea
RV8J-C1P-S,SK-RVFS1,7,22,ea
RV8J-C1P-S,MS20426AD3-4C,8,1,ea
RV8J-C1P-S,MS20426AD3-5C,9,1,ea
RV8J-C1P-S,MS20426AD4-4C,10,1,ea
RV8J-C1P-S,MS21059L3,11,10,ea
RV8J-C1P-S,MS24693-C272,12,10,ea
RV8J-C1P-S,DP1085-20SS,13,10,ea
RV8J-C1P-S,RV Instructions,14,1,ea
RV8J-C1P-S,SK-RET012,15,30,ea
RV8J-C1P-S,D188C,16,6,ea
RV8J-C1P-U,SK245A162A,1,34,ea
RV8J-C1P-U,SK245A161-INS,2,2,ea
RV8J-C1P-U,SK40S5-2S,3,34,ea
RV8J-C1P-U,SK-OSG1-8,4,34,ea
RV8J-C1P-U,SK-O18S,5,2,ea
RV8J-C1P-U,SK-R4GS,6,36,ea
RV8J-C1P-U,SK-RVFS1,7,36,ea
RV8J-C1P-U,SK-RVC,8,10,ea
RV8J-C1P-U,MS20426AD3-4C,9,1,ea
RV8J-C1P-U,MS20426AD3-5C,10,1,ea
RV8J-C1P-U,MS20426AD4-4C,11,1,ea
RV8J-C1P-U,MS21059L3,12,10,ea
RV8J-C1P-U,MS24693-C272,13,10,ea
RV8J-C1P-U,DP1085-20SS,14,10,ea
RV8J-C1P-U,RV Instructions,15,1,ea
RV8J-C1P-U,SK-RET012,16,65,ea
RV8J-C1P-U,D188C,17,6,ea
RV8J-C1P-UF,SK245A162A,1,14,ea
RV8J-C1P-UF,SK245A161-INS,2,2,ea
RV8J-C1P-UF,SK40S5-2S,3,14,ea
RV8J-C1P-UF,SK-OSG1-8,4,14,ea
RV8J-C1P-UF,SK-O18S,5,2,ea
RV8J-C1P-UF,SK-R4GS,6,16,ea
RV8J-C1P-UF,SK-RVFS1,7,16,ea
RV8J-C1P-UF,SK-RVC,8,5,ea
RV8J-C1P-UF,MS20426AD3-4C,9,1,ea
RV8J-C1P-UF,MS20426AD3-5C,10,1,ea
RV8J-C1P-UF,MS20426AD4-4C,11,1,ea
RV8J-C1P-UF,RV Instructions,12,1,ea
RV8J-C1P-UF,SK-RET012,13,30,ea
RV8J-C1P-UF,D188C,14,6,ea
RV8J-C1S,SK245A162A,1,50,ea
RV8J-C1S,SK245A161-INS,2,2,ea
RV8J-C1S,SK4002-2S,3,50,ea
RV8J-C1S,SK-OSG1-8,4,50,ea
RV8J-C1S,SK-O18S,5,2,ea
RV8J-C1S,SK-R4GS,6,52,ea
RV8J-C1S,SK-RVFS1,7,52,ea
RV8J-C1S,SK-RVC,8,10,ea
RV8J-C1S,MS20426AD3-4C,9,2,ea
RV8J-C1S,MS20426AD3-5C,10,1,ea
RV8J-C1S,MS20426AD4-4C,11,2,ea
RV8J-C1S,MS21059L3,12,10,ea
RV8J-C1S,MS24693-C272,13,10,ea
RV8J-C1S,DP1085-20SS,14,10,ea
RV8J-C1S,RV Instructions,15,1,ea
RV8J-C1S,SK-RET012,16,65,ea
RV8J-C1S,Template-215,17,1,ea
RV8J-C1S,Template-245,18,1,ea
RV8J-C1S,D188C,19,6,ea
RV8J-C1S-F,SK245A162A,1,30,ea
RV8J-C1S-F,SK245A161-INS,2,2,ea
RV8J-C1S-F,SK4002-2S,3,30,ea
RV8J-C1S-F,SK-OSG1-8,4,30,ea
RV8J-C1S-F,SK-O18S,5,2,ea
RV8J-C1S-F,SK-R4GS,6,32,ea
RV8J-C1S-F,SK-RVFS1,7,32,ea
RV8J-C1S-F,SK-RVC,8,10,ea
RV8J-C1S-F,MS20426AD3-4C,9,1,ea
RV8J-C1S-F,MS20426AD3-5C,10,1,ea
RV8J-C1S-F,MS20426AD4-4C,11,1,ea
RV8J-C1S-F,RV Instructions,12,1,ea
RV8J-C1S-F,SK-RET012,13,30,ea
RV8J-C1S-F,D188C,14,6,ea
RV8J-C1S-U,SK245A162A,1,34,ea
RV8J-C1S-U,SK245A161-INS,2,2,ea
RV8J-C1S-U,SK4002-2S,3,34,ea
RV8J-C1S-U,SK-OSG1-8,4,34,ea
RV8J-C1S-U,SK-O18S,5,2,ea
RV8J-C1S-U,SK-R4GS,6,36,ea
RV8J-C1S-U,SK-RVFS1,7,36,ea
RV8J-C1S-U,SK-RVC,8,10,ea
RV8J-C1S-U,MS20426AD3-4C,9,1,ea
RV8J-C1S-U,MS20426AD3-5C,10,1,ea
RV8J-C1S-U,MS20426AD4-4C,11,1,ea
RV8J-C1S-U,MS21059L3,12,10,ea
RV8J-C1S-U,MS24693-C272,13,10,ea
RV8J-C1S-U,DP1085-20SS,14,10,ea
RV8J-C1S-U,RV Instructions,15,1,ea
RV8J-C1S-U,SK-RET012,16,65,ea
RV8J-C1S-U,D188C,17,6,ea
RV8J-C1S-UF,SK4002-2S,1,14,ea
RV8J-C1S-UF,SK-OSG1-8,2,14,ea
RV8J-C1S-UF,SK-R4GS,3,16,ea
RV8J-C1S-UF,SK-RVFS1,4,16,ea
RV8J-C1S-UF,SK-O18S,5,2,ea
RV8J-C1S-UF,MS20426AD3-4C,6,1,ea
RV8J-C1S-UF,MS20426AD4-4C,7,1,ea
RV8J-C1S-UF,SK245A162A,8,14,ea
RV8J-C1S-UF,SK245A161-INS,9,2,ea
RV8J-C1S-UF,SK-RET012,10,30,ea
RV8J-C1S-UF,RV Instructions,11,1,ea
RV8J-C1S-UF,D188C,12,6,ea
RV8J-C1S-UF,SK-RVC,13,5,ea
RV8J-C1S-UF,MS20426AD3-5C,14,1,ea
SK203C150P4,SK2003-42A,1,10,ea
SK203C150P4,SK213-2,2,8,ea
SK203C150P4,SK40S5-2S,3,10,ea
SK203C150P4,SK40S5-3S,4,2,ea
SK203C150P4,SK-OS,5,10,ea
SK203C150P4,SK-R4GS,6,10,ea
SK203C150P4,SK-R4TS,7,2,ea
SK203C150P4,SK28S3-2S,8,8,ea
SK203C150P4,SK2600-LWS,9,8,ea
SK203C150P4,NAS1515-H-4L,10,50,ea
SK203C150P4,AN525-832R8,11,25,ea
SK203C150P4,AN525-832R10,12,25,ea
SK203C150P4,8RX1/2THBS,13,25,ea
SK203C150P4,10RX1/2THBS,14,25,ea
SK203C150P4,MS21044N08,15,25,ea
SK203C150P4,SK203-TEM1,16,1,ea
SK203C150P4,SK2003-AW4S,17,3,ea
SK203C150P4,SK4150-42A.DOC,18,1,ea
SK203C150P4,Template-213,19,1,ea
SK203C150P4,MS20426AD3-5C,20,1,ea
SK203C150P4D,SK2003-42A,1,10,ea
SK203C150P4D,SK2003-AW4S,2,3,ea
SK203C150P4D,SK245-461A,3,8,ea
SK203C150P4D,SK40S5-2S,4,18,ea
SK203C150P4D,SK40S5-3S,5,2,ea
SK203C150P4D,SK-OS,6,18,ea
SK203C150P4D,SK-R4GS,7,18,ea
SK203C150P4D,AN525-832R8,8,25,ea
SK203C150P4D,AN525-832R10,9,25,ea
SK203C150P4D,8RX1/2THBS,10,25,ea
SK203C150P4D,10RX1/2THBS,11,25,ea
SK203C150P4D,NAS1515-H-4L,12,25,ea
SK203C150P4D,MS20426AD4-3C,13,1,ea
SK203C150P4D,MS20426AD4-4C,14,1,ea
SK203C150P4D,SK244-461,15,1,ea
SK203C150P4D,SK-C150DL,16,1,ea
SK203C150P4D,SK-C150DR,17,1,ea
SK203C150P4D,SK4150-42A.DOC,18,1,ea
SK203C150P4D,SK203-TEM1,19,1,ea
SK203C150P4D,SK215-4,20,2,ea
SK203C150P4D,SK-O18S,21,2,ea
SK203C172P-RS4,SK2003-42A,1,11,ea
SK203C172P-RS4,SK40S5-2S,2,13,ea
SK203C172P-RS4,SK40S5-3S,3,4,ea
SK203C172P-RS4,SK40S5-4S,4,2,ea
SK203C172P-RS4,SK40S5-5S,5,10,ea
SK203C172P-RS4,SK40S5-6S,6,2,ea
SK203C172P-RS4,SK40S5-7S,7,2,ea
SK203C172P-RS4,SK40S5-8S,8,4,ea
SK203C172P-RS4,SK40S5-9S,9,8,ea
SK203C172P-RS4,SK-GS,10,4,ea
SK203C172P-RS4,SK-OS,11,20,ea
SK203C172P-RS4,SK-O18S,12,2,ea
SK203C172P-RS4,SK-NS,13,12,ea
SK203C172P-RS4,SK-R4GS,14,40,ea
SK203C172P-RS4,SK-R4TS,15,2,ea
SK203C172P-RS4,MS21044N08,16,25,ea
SK203C172P-RS4,AN525-832R8,17,25,ea
SK203C172P-RS4,AN525-832R10,18,25,ea
SK203C172P-RS4,SK2003-AW4S,19,5,ea
SK203C172P-RS4,SK203-TEM1,20,1,ea
SK203C172P-RS4,SK4172RS-42A.DOC,21,1,ea
SK203C172P4,SK2003-42A,1,11,ea
SK203C172P4,SK245-461A,2,14,ea
SK203C172P4,SK40S5-2S,3,26,ea
SK203C172P4,SK40S5-3S,4,2,ea
SK203C172P4,SK-OS,5,26,ea
SK203C172P4,SK-O18S,6,2,ea
SK203C172P4,SK-R4GS,7,30,ea
SK203C172P4,SK-R4TS,8,2,ea
SK203C172P4,MS20426AD4-5C,9,1,ea
SK203C172P4,AN525-832R8,10,25,ea
SK203C172P4,AN525-832R10,11,25,ea
SK203C172P4,MS24693-C50,12,25,ea
SK203C172P4,8RX1/2THBS,13,25,ea
SK203C172P4,10RX1/2THBS,14,25,ea
SK203C172P4,MS21044N08,15,25,ea
SK203C172P4,DP1080-17SS,16,25,ea
SK203C172P4,SK2003-AW4S,17,4,ea
SK203C172P4,SK203-TEM1,18,1,ea
SK203C172P4,SK4172-42A.DOC,19,1,ea
SK203C172P4,SK244-461,20,1,ea
SK203C172P4,AN526-1032R10,21,25,ea
SK203C172PQ4,SK2003-42A,1,11,ea
SK203C172PQ4,SK245-461A,2,16,ea
SK203C172PQ4,SK40S5-2S,3,35,ea
SK203C172PQ4,SK40S5-5S,4,2,ea
SK203C172PQ4,SK40S5-6S,5,6,ea
SK203C172PQ4,SK-HS,6,8,ea
SK203C172PQ4,SK-OS,7,27,ea
SK203C172PQ4,SK-R4GS,8,35,ea
SK203C172PQ4,SK-R4TS,9,2,ea
SK203C172PQ4,MS20426AD4-5C,10,1,ea
SK203C172PQ4,AN525-832R8,11,25,ea
SK203C172PQ4,AN525-832R10,12,25,ea
SK203C172PQ4,MS24693-C50,13,25,ea
SK203C172PQ4,8RX1/2THBS,14,25,ea
SK203C172PQ4,10RX1/2THBS,15,25,ea
SK203C172PQ4,DP1080-17SS,16,25,ea
SK203C172PQ4,MS21044N08,17,25,ea
SK203C172PQ4,SK203-TEM1,18,1,ea
SK203C172PQ4,SK2003-AW4S,19,5,ea
SK203C172PQ4,SK4172-42A.DOC,20,1,ea
SK203C172PQ4,SK245A161A,21,8,ea
SK203C172PQ4,SK244-461,22,1,ea
SK203C177P4,SK2003-42A,1,14,ea
SK203C177P4,SK245-461A,2,10,ea
SK203C177P4,SK40S5-2S,3,24,ea
SK203C177P4,SK40S5-3S,4,2,ea
SK203C177P4,SK40S5-6S,5,2,ea
SK203C177P4,SK-OS,6,20,ea
SK203C177P4,SK-O18S,7,4,ea
SK203C177P4,SK-316S,8,4,ea
SK203C177P4,SK-R4GS,9,26,ea
SK203C177P4,MS20426AD4-5C,10,1,ea
SK203C177P4,AN525-832R8,11,25,ea
SK203C177P4,AN525-832R10,12,25,ea
SK203C177P4,MS24693-C50,13,25,ea
SK203C177P4,DP1080-17SS,14,25,ea
SK203C177P4,MS21044N08,15,30,ea
SK203C177P4,SK2003-AW4S,16,5,ea
SK203C177P4,SK203-TEM1,17,1,ea
SK203C177P4,SK4177-42A.DOC,18,1,ea
SK203C177P4,SK244-461,19,1,ea
SK203C182P4,SK2003-42A,1,14,ea
SK203C182P4,SK40S5-3S,2,6,ea
SK203C182P4,SK40S5-4S,3,8,ea
SK203C182P4,SK40S5-5S,4,9,ea
SK203C182P4,SK40S5-6S,5,2,ea
SK203C182P4,SK40S5-7S,6,4,ea
SK203C182P4,SK-HS,7,12,ea
SK203C182P4,SK-O18S,8,14,ea
SK203C182P4,SK-316S,9,3,ea
SK203C182P4,SK-R4GS,10,30,ea
SK203C182P4,SK-R4TS,11,2,ea
SK203C182P4,AN525-832R8,12,25,ea
SK203C182P4,AN525-832R10,13,25,ea
SK203C182P4,AN525-10R8,14,4,ea
SK203C182P4,NAS1515-H-3L,15,4,ea
SK203C182P4,MS21044N08,16,30,ea
SK203C182P4,SK2003-AW4S,17,5,ea
SK203C182P4,SK203-TEM1,18,1,ea
SK203C182P4,SK4182-42A.DOC,19,1,ea
B95-AFP,SK294186-1-080,1,8,ea
B95-AFP,SK99836S,2,8,ea
BE-KINGAIR 300,MS24693-C49,1,50,ea
BE-KINGAIR 300,MS24693-C50,2,400,ea
BE-KINGAIR 300,MS24693-C51,3,10,ea
BE-KINGAIR 300,MS24693-C52,4,100,ea
BE-KINGAIR 300,MS24694-C1,5,35,ea
BE-KINGAIR 300,MS24694-C3,6,50,ea
BE-KINGAIR 300,MS24694-C5,7,100,ea
BE-KINGAIR 300,MS24694-C6,8,25,ea
BE-KINGAIR 300,MS24694-C47,9,2,ea
BE-KINGAIR 300,MS24694-C48,10,25,ea
BE-KINGAIR 300,MS24694-C50,11,300,ea
BE-KINGAIR 300,MS24694-C51,12,8,ea
BE-KINGAIR 300,MS27039C0806,13,8,ea
BE-KINGAIR 300,MS27039C1-08,14,30,ea
BE-KINGAIR 300,MS51957-44,15,8,ea
BE-KINGAIR 300,6RX3/8THBS,16,6,ea
BE-KINGAIR 300,AN960C8L,17,25,ea
BE-KINGAIR 300,AN960C10L,18,25,ea
BE-KINGAIR 300,DP1080-17SS,19,75,ea
BE-KINGAIR 300,NAS1581C3T2,20,24,ea
BE-KINGAIR 90,MS24693-C50,1,500,ea
BE-KINGAIR 90,MS24693-C272,2,1500,ea
BE-KINGAIR 90,NAS1581C3T2,3,24,ea
BE-KINGAIR 90,AN526C832R8,4,100,ea
BE-KINGAIR 90,AN526C1032R8,5,100,ea
BE-KINGAIR AFT FUSELAGE,SK294290-1-080,1,4,ea
BE-KINGAIR AFT FUSELAGE,SK99836S,2,4,ea
BE-KINGAIR ENGINE COWL,SK27S3-6S,1,74,ea
BE-KINGAIR ENGINE COWL,SK27S3-7S,2,4,ea
BE-KINGAIR ENGINE COWL,SK2600-SW,3,78,ea
BE-KINGAIR NOSE ALOCS,SK294186-2-180,1,20,ea
BE-KINGAIR NOSE ALOCS,SK294186-2-200,2,8,ea
BE-KINGAIR NOSE ALOCS,SK294186-2-240,3,22,ea
BE-KINGAIR NOSE ALOCS,SK99836S,4,50,ea
C177/177RG,AN526C632R8,1,12,ea
C177/177RG,AN526C832R8,2,50,ea
C177/177RG,AN526C1032R8,3,70,ea
C177/177RG,AN526C1032R10,4,25,ea
C177/177RG,MS24693-C28,5,45,ea
C177/177RG,MS24693-C29,6,10,ea
C177/177RG,MS24693-C50,7,60,ea
C177/177RG,MS24693-C270,8,70,ea
C177/177RG,MS24693-C272,9,130,ea
C177/177RG,6RX1/2THBS,10,25,ea
C177/177RG,8RX1/2THBS,11,170,ea
C177/177RG,10RX1/2THBS,12,25,ea
C177/177RG,NAS1515-H-08L,13,35,ea
C177/177RG,NAS1515-H-3L,14,35,ea
C177/177RG,8RX1/2FHBS100,15,100,ea
C177/177RG,DP1080-17SS,16,10,ea
C177/177RG,DP1085-20SS,17,30,ea
CIT-400P,SK40S5-4S,1,20,ea
CIT-400P,SK-OS,2,20,ea
CIT-400P,SK-R4GS,3,20,ea
CIT-400P,SK245A161A,4,20,ea
CIT-400P,AN526C1032R10,5,25,ea
CIT-400P,AN960C10L,6,25,ea
FBO BOLT1 KIT,DL24C,1,4,ea
FBO BOLT1 KIT,AN3-3,2,10,ea
FBO BOLT1 KIT,AN3-4,3,10,ea
FBO BOLT1 KIT,AN3-5,4,10,ea
FBO BOLT1 KIT,AN3-6,5,10,ea
FBO BOLT1 KIT,AN3-7,6,10,ea
FBO BOLT1 KIT,AN3-10,7,10,ea
FBO BOLT1 KIT,AN3-11,8,10,ea
FBO BOLT1 KIT,AN3-12,9,10,ea
FBO BOLT1 KIT,AN3-13,10,5,ea
FBO BOLT1 KIT,AN3-14,11,5,ea
FBO BOLT1 KIT,AN3-15,12,5,ea
FBO BOLT1 KIT,AN3-16,13,5,ea
FBO BOLT1 KIT,AN3-17,14,5,ea
FBO BOLT1 KIT,AN3-20,15,5,ea
FBO BOLT1 KIT,AN3-21,16,5,ea
FBO BOLT1 KIT,AN3-22,17,5,ea
FBO BOLT1 KIT,AN3-23,18,5,ea
FBO BOLT1 KIT,AN3-24,19,5,ea
FBO BOLT1 KIT,AN3-25,20,5,ea
FBO BOLT1 KIT,AN3-26,21,5,ea
FBO BOLT1 KIT,AN3-27,22,5,ea
FBO BOLT1 KIT,AN3-30,23,5,ea
FBO BOLT1 KIT,AN3-31,24,5,ea
FBO BOLT1 KIT,AN3-32,25,5,ea
FBO BOLT1 KIT,AN3-3A,26,25,ea
FBO BOLT1 KIT,AN3-4A,27,25,ea
FBO BOLT1 KIT,AN3-5A,28,25,ea
FBO BOLT1 KIT,AN3-6A,29,25,ea
FBO BOLT1 KIT,AN3-7A,30,25,ea
FBO BOLT1 KIT,AN3-10A,31,25,ea
FBO BOLT1 KIT,AN3-11A,32,10,ea
FBO BOLT1 KIT,AN3-12A,33,10,ea
FBO BOLT1 KIT,AN3-13A,34,10,ea
FBO BOLT1 KIT,AN3-14A,35,10,ea
FBO BOLT1 KIT,AN3-15A,36,10,ea
FBO BOLT1 KIT,AN3-16A,37,10,ea
FBO BOLT1 KIT,AN3-17A,38,10,ea
FBO BOLT1 KIT,AN3-20A,39,10,ea
FBO BOLT1 KIT,AN3-21A,40,10,ea
FBO BOLT1 KIT,AN3-22A,41,10,ea
FBO BOLT1 KIT,AN3-23A,42,10,ea
FBO BOLT1 KIT,AN3-24A,43,10,ea
FBO BOLT1 KIT,AN3-25A,44,10,ea
FBO BOLT1 KIT,AN3-26A,45,10,ea
FBO BOLT1 KIT,AN3-27A,46,10,ea
FBO BOLT1 KIT,AN3-30A,47,10,ea
FBO BOLT1 KIT,AN3-31A,48,10,ea
FBO BOLT1 KIT,AN3-32A,49,10,ea
FBO BOLT1 KIT,AN4-3,50,10,ea
FBO BOLT1 KIT,AN4-4,51,10,ea
FBO BOLT1 KIT,AN4-5,52,10,ea
FBO BOLT1 KIT,AN4-6,53,10,ea
FBO BOLT1 KIT,AN4-7,54,10,ea
FBO BOLT1 KIT,AN4-10,55,10,ea
FBO BOLT1 KIT,AN4-11,56,10,ea
FBO BOLT1 KIT,AN4-12,57,10,ea
FBO BOLT1 KIT,AN4-13,58,5,ea
FBO BOLT1 KIT,AN4-14,59,5,ea
FBO BOLT1 KIT,AN4-15,60,5,ea
FBO BOLT1 KIT,AN4-16,61,5,ea
FBO BOLT1 KIT,AN4-17,62,5,ea
FBO BOLT1 KIT,AN4-20,63,5,ea
FBO BOLT1 KIT,AN4-21,64,5,ea
FBO BOLT1 KIT,AN4-22,65,5,ea
FBO BOLT1 KIT,AN4-23,66,5,ea
FBO BOLT1 KIT,AN4-24,67,5,ea
FBO BOLT1 KIT,AN4-26,68,5,ea
FBO BOLT1 KIT,AN4-27,69,5,ea
FBO BOLT1 KIT,AN4-30,70,5,ea
FBO BOLT1 KIT,AN4-31,71,5,ea
FBO BOLT1 KIT,AN4-32,72,5,ea
FBO BOLT1 KIT,AN4-4A,73,25,ea
FBO BOLT1 KIT,AN4-5A,74,25,ea
FBO BOLT1 KIT,AN4-6A,75,25,ea
FBO BOLT1 KIT,AN4-7A,76,25,ea
FBO BOLT1 KIT,AN4-10A,77,25,ea
FBO BOLT1 KIT,AN4-11A,78,10,ea
FBO BOLT1 KIT,AN4-12A,79,10,ea
FBO BOLT1 KIT,AN4-13A,80,10,ea
FBO BOLT1 KIT,AN4-14A,81,10,ea
FBO BOLT1 KIT,AN4-15A,82,10,ea
FBO BOLT1 KIT,AN4-16A,83,10,ea
FBO BOLT1 KIT,AN4-17A,84,10,ea
FBO BOLT1 KIT,AN4-20A,85,10,ea
FBO BOLT1 KIT,AN4-21A,86,10,ea
FBO BOLT1 KIT,AN4-22A,87,10,ea
FBO BOLT1 KIT,AN4-23A,88,10,ea
FBO BOLT1 KIT,AN4-24A,89,10,ea
FBO BOLT1 KIT,AN4-25A,90,10,ea
FBO BOLT1 KIT,AN4-26A,91,10,ea
FBO BOLT1 KIT,AN4-27A,92,10,ea
FBO BOLT1 KIT,AN4-30A,93,10,ea
FBO BOLT1 KIT,AN4-31A,94,5,ea
FBO BOLT1 KIT,AN4-32A,95,5,ea
FBO BOLT1 KIT,AN4-33A,96,5,ea
FBO BOLT1 KIT,AN4-25,97,5,ea
FBO NUT KIT,DL24C,1,2,ea
FBO NUT KIT,AN310-3,2,25,ea
FBO NUT KIT,AN310-4,3,25,ea
FBO NUT KIT,AN310-5,4,25,ea
FBO NUT KIT,AN315-3,5,25,ea
FBO NUT KIT,AN315-4,6,25,ea
FBO NUT KIT,AN315-5,7,25,ea
FBO NUT KIT,AN316-4,8,25,ea
FBO NUT KIT,AN316-5,9,25,ea
FBO NUT KIT,AN320-3,10,25,ea
FBO NUT KIT,AN320-4,11,25,ea
FBO NUT KIT,AN320-5,12,25,ea
FBO NUT KIT,AN340-4,13,25,ea
FBO NUT KIT,AN340-6,14,25,ea
FBO NUT KIT,AN340-8,15,25,ea
FBO NUT KIT,AN340B6,16,25,ea
FBO NUT KIT,AN345-10,17,50,ea
FBO NUT KIT,AN345-416,18,50,ea
FBO NUT KIT,AN340C8,19,25,ea
FBO NUT KIT,AN345C10,20,25,ea
FBO NUT KIT,AN345C416,21,25,ea
FBO NUT KIT,MS21083N04,22,50,ea
FBO NUT KIT,MS21083N06,23,100,ea
FBO NUT KIT,MS21083N08,24,100,ea
FBO NUT KIT,MS21083N3,25,100,ea
FBO NUT KIT,MS21083N4,26,50,ea
FBO NUT KIT,MS21044N04,27,50,ea
FBO NUT KIT,MS21044N06,28,50,ea
FBO NUT KIT,MS21044N08,29,100,ea
FBO NUT KIT,MS21044N3,30,100,ea
FBO NUT KIT,MS21044N4,31,100,ea
FBO NUT KIT,MS21044N5,32,25,ea
FBO NUT KIT,MS21044C06,33,25,ea
FBO NUT KIT,MS21044C08,34,25,ea
FBO NUT KIT,MS21044C3,35,25,ea
FBO NUT KIT,MS21045-3,36,25,ea
FBO NUT KIT,MS21045-4,37,25,ea
FBO NUT KIT,MS21045-5,38,10,ea
FBO NUT KIT,NAS679A3,39,25,ea
FBO NUT KIT,NAS679A4,40,25,ea
FBO NUT KIT,NAS679A5,41,10,ea
FBO NUT KIT,MS21042-3,42,25,ea
FBO NUT KIT,MS21042-4,43,25,ea
FBO NUT KIT,MS21042-5,44,5,ea
FBO NUT KIT,A1784-6Z-1,45,25,ea
FBO NUT KIT,A1348-8Z-1,46,25,ea
FBO NUT KIT,A1778-8Z-1,47,25,ea
FBO NUT KIT,A1789-8Z-1,48,25,ea
FBO NUT KIT,130008,49,10,ea
FBO PLUS HARDWARE KIT SYSTEM,FBO BOLT1 KIT,1,1,ea
FBO PLUS HARDWARE KIT SYSTEM,FBO SCREW KIT,2,1,ea
FBO PLUS HARDWARE KIT SYSTEM,FBO WASHER KIT,3,1,ea
FBO PLUS HARDWARE KIT SYSTEM,FBO NUT KIT,4,1,ea
FBO PLUS HARDWARE KIT SYSTEM,FBO RIVET KIT,5,1,ea
FBO PLUS HARDWARE KIT SYSTEM,4LR,6,4,ea
FBO RIVET KIT,MS20470AD3-3,1,0.125,lbs
FBO RIVET KIT,MS20470AD3-4,2,0.125,lbs
FBO RIVET KIT,MS20470AD3-5,3,0.125,lbs
FBO RIVET KIT,MS20470AD3-6,4,0.125,lbs
FBO RIVET KIT,MS20470AD3-8,5,0.125,lbs
FBO RIVET KIT,MS20470AD4-3,6,0.125,lbs
FBO RIVET KIT,MS20470AD4-4,7,0.125,lbs
FBO RIVET KIT,MS20470AD4-5,8,0.125,lbs
FBO RIVET KIT,MS20470AD4-6,9,0.125,lbs
FBO RIVET KIT,MS20470AD4-8,10,0.125,lbs
FBO RIVET KIT,MS20470AD4-10,11,0.125,lbs
FBO RIVET KIT,MS20470AD4-12,12,0.125,lbs
FBO RIVET KIT,MS20470AD4-14,13,0.125,lbs
FBO RIVET KIT,MS20470AD4-16,14,0.125,lbs
FBO RIVET KIT,MS20470AD5-4,15,0.125,lbs
FBO RIVET KIT,MS20470AD5-5,16,0.125,lbs
FBO RIVET KIT,MS20470AD5-6,17,0.125,lbs
FBO RIVET KIT,MS20470AD5-7,18,0.125,lbs
FBO RIVET KIT,MS20470AD5-8,19,0.125,lbs
FBO RIVET KIT,MS20470AD5-10,20,0.125,lbs
FBO RIVET KIT,MS20470AD5-12,21,0.125,lbs
FBO RIVET KIT,MS20470AD5-14,22,0.125,lbs
FBO RIVET KIT,MS20470AD5-16,23,0.125,lbs
FBO RIVET KIT,MS20470AD6-12,24,0.125,lbs
FBO RIVET KIT,MS20426AD3-3,25,0.125,lbs
FBO RIVET KIT,MS20426AD3-4,26,0.125,lbs
FBO RIVET KIT,MS20426AD3-5,27,0.125,lbs
FBO RIVET KIT,MS20426AD3-6,28,0.125,lbs
FBO RIVET KIT,MS20426AD3-8,29,0.125,lbs
FBO RIVET KIT,MS20426AD3-12,30,0.125,lbs
FBO RIVET KIT,MS20426AD4-3,31,0.125,lbs
FBO RIVET KIT,MS20426AD4-4,32,0.125,lbs
FBO RIVET KIT,MS20426AD4-5,33,0.125,lbs
FBO RIVET KIT,MS20426AD4-6,34,0.125,lbs
FBO RIVET KIT,MS20426AD4-7,35,0.125,lbs
FBO RIVET KIT,MS20426AD4-8,36,0.125,lbs
FBO RIVET KIT,MS20426AD4-9,37,0.125,lbs
FBO RIVET KIT,MS20426AD4-10,38,0.125,lbs
FBO RIVET KIT,MS20426AD4-12,39,0.125,lbs
FBO RIVET KIT,MS20426AD4-16,40,0.125,lbs
FBO RIVET KIT,MS20426AD5-4,41,0.125,lbs
FBO RIVET KIT,MS20426AD5-5,42,0.125,lbs
FBO RIVET KIT,MS20426AD5-6,43,0.125,lbs
FBO RIVET KIT,MS20426AD5-8,44,0.125,lbs
FBO RIVET KIT,MS20426AD5-10,45,0.125,lbs
FBO RIVET KIT,MS20426AD5-12,46,0.125,lbs
FBO RIVET KIT,MS20426AD5-16,47,0.125,lbs
FBO RIVET KIT,MS20426AD6-12,48,0.125,lbs
FBO RIVET KIT,DL24C,49,2,ea
FBO SCREW KIT,DL24C,1,4,ea
FBO SCREW KIT,AN526-440R8,2,100,ea
FBO SCREW KIT,AN526-632R6,3,100,ea
FBO SCREW KIT,AN526-632R8,4,100,ea
FBO SCREW KIT,AN526-632R10,5,100,ea
FBO SCREW KIT,AN526-632R12,6,100,ea
FBO SCREW KIT,AN526-832R6,7,100,ea
FBO SCREW KIT,AN526-832R8,8,100,ea
FBO SCREW KIT,AN526-832R10,9,100,ea
FBO SCREW KIT,AN526-832R12,10,100,ea
FBO SCREW KIT,AN526-1032R8,11,100,ea
FBO SCREW KIT,AN526-1032R10,12,100,ea
FBO SCREW KIT,AN526-1032R12,13,100,ea
FBO SCREW KIT,MS24693-S8,14,100,ea
FBO SCREW KIT,MS24693-S26,15,100,ea
FBO SCREW KIT,MS24693-S28,16,100,ea
FBO SCREW KIT,MS24693-S29,17,100,ea
FBO SCREW KIT,MS24693-S30,18,100,ea
FBO SCREW KIT,MS24693-S48,19,100,ea
FBO SCREW KIT,MS24693-S50,20,100,ea
FBO SCREW KIT,MS24693-S51,21,100,ea
FBO SCREW KIT,MS24693-S52,22,100,ea
FBO SCREW KIT,MS24693-S54,23,100,ea
FBO SCREW KIT,MS24693-S270,24,100,ea
FBO SCREW KIT,MS24693-S272,25,100,ea
FBO SCREW KIT,MS24693-S273,26,100,ea
FBO SCREW KIT,MS24693-S274,27,100,ea
FBO SCREW KIT,MS24693-S294,28,100,ea
FBO SCREW KIT,MS24693BB32,29,100,ea
FBO SCREW KIT,MS35214-30,30,100,ea
FBO SCREW KIT,MS24694-S48,31,100,ea
FBO SCREW KIT,MS24694-S49,32,100,ea
FBO SCREW KIT,MS24694-S50,33,100,ea
FBO SCREW KIT,MS24694-S52,34,100,ea
FBO SCREW KIT,MS27039-0806,35,100,ea
FBO SCREW KIT,MS27039-0808,36,100,ea
FBO SCREW KIT,MS27039-0809,37,100,ea
FBO SCREW KIT,MS27039-0812,38,100,ea
FBO SCREW KIT,MS27039-0814,39,100,ea
FBO SCREW KIT,6RX1/2THB,40,100,ea
FBO SCREW KIT,8RX1/2THB,41,100,ea
FBO SCREW KIT,MS21207-8-8,42,100,ea
FBO SCREW KIT,MS21207-10-10,43,100,ea
FBO SCREW KIT,4RX3/8THA,44,100,ea
FBO SCREW KIT,6RX3/8THA,45,100,ea
FBO SCREW KIT,6RX1/2THA,46,100,ea
FBO SCREW KIT,8RX1/2THA,47,100,ea
FBO SCREW KIT,8RX5/8THA,48,100,ea
FBO SCREW KIT,10RX5/8THA,49,100,ea
FBO SCREW KIT,AN526C440R4,50,100,ea
FBO SCREW KIT,AN526C440R6,51,100,ea
FBO SCREW KIT,AN526C632R6,52,100,ea
FBO SCREW KIT,AN526C632R8,53,100,ea
FBO SCREW KIT,AN526C632R10,54,100,ea
FBO SCREW KIT,AN526C832R6,55,100,ea
FBO SCREW KIT,AN526C832R8,56,100,ea
FBO SCREW KIT,AN526C832R10,57,100,ea
FBO SCREW KIT,AN526C832R12,58,50,ea
FBO SCREW KIT,AN526C832R16,59,50,ea
FBO SCREW KIT,AN526C1032R8,60,100,ea
FBO SCREW KIT,AN526C1032R10,61,100,ea
FBO SCREW KIT,AN526C1032R12,62,50,ea
FBO SCREW KIT,AN526C1032R16,63,50,ea
FBO SCREW KIT,MS24693-C26,64,100,ea
FBO SCREW KIT,MS24693-C28,65,100,ea
FBO SCREW KIT,MS24693-C29,66,100,ea
FBO SCREW KIT,MS24693-C50,67,100,ea
FBO SCREW KIT,MS24693-C51,68,100,ea
FBO SCREW KIT,MS24693-C52,69,100,ea
FBO SCREW KIT,MS24693-C272,70,100,ea
FBO SCREW KIT,MS24693-C273,71,100,ea
FBO SCREW KIT,MS24693-C274,72,100,ea
FBO SCREW KIT,MS24693-C276,73,100,ea
FBO SCREW KIT,4RX1/4THAS,74,100,ea
FBO SCREW KIT,4RX3/8THAS,75,100,ea
FBO SCREW KIT,4RX1/2THAS,76,100,ea
FBO SCREW KIT,4RX5/8THAS,77,100,ea
FBO SCREW KIT,6RX3/8THAS,78,100,ea
FBO SCREW KIT,6RX1/2THAS,79,100,ea
FBO SCREW KIT,6RX5/8THAS,80,100,ea
FBO SCREW KIT,8RX3/8THAS,81,100,ea
FBO SCREW KIT,8RX1/2THAS,82,100,ea
FBO SCREW KIT,8RX5/8THAS,83,100,ea
FBO SCREW KIT,8RX3/4THAS,84,100,ea
FBO SCREW KIT,10RX1/2THAS,85,100,ea
FBO SCREW KIT,10RX5/8THAS,86,100,ea
FBO SCREW KIT,10RX3/4THAS,87,50,ea
FBO SCREW KIT,4RX1/2OHAS,88,100,ea
FBO SCREW KIT,6RX1/2OHAS,89,100,ea
FBO SCREW KIT,8RX5/8OHAS,90,100,ea
FBO SCREW KIT,6RX1/2FHAS100,91,100,ea
FBO SCREW KIT,8RX1/2FHAS100,92,100,ea
FBO SCREW KIT,10RX1/2FHAS100,93,100,ea
FBO SCREW KIT,8RX1/2FHBS100,94,100,ea
FBO WASHER KIT,DL24C,1,2,ea
FBO WASHER KIT,MS35338-41,2,100,ea
FBO WASHER KIT,MS35338-42,3,100,ea
FBO WASHER KIT,MS35338-43,4,100,ea
FBO WASHER KIT,MS35333-37,5,100,ea
FBO WASHER KIT,MS35333-38,6,100,ea
FBO WASHER KIT,MS35333-39,7,100,ea
FBO WASHER KIT,MS35333-40,8,100,ea
FBO WASHER KIT,MS35333-41,9,100,ea
FBO WASHER KIT,AN960-4,10,100,ea
FBO WASHER KIT,AN960-6,11,200,ea
FBO WASHER KIT,AN960-8,12,200,ea
FBO WASHER KIT,AN960-10,13,200,ea
FBO WASHER KIT,AN960-416,14,200,ea
FBO WASHER KIT,AN960-516,15,100,ea
FBO WASHER KIT,AN960-616,16,50,ea
FBO WASHER KIT,AN960-716,17,50,ea
FBO WASHER KIT,AN970-3,18,50,ea
FBO WASHER KIT,AN970-4,19,50,ea
FBO WASHER KIT,AN970-5,20,20,ea
FBO WASHER KIT,AN960-4L,21,100,ea
FBO WASHER KIT,AN960-6L,22,200,ea
FBO WASHER KIT,AN960-8L,23,200,ea
FBO WASHER KIT,AN960-10L,24,200,ea
FBO WASHER KIT,AN960-416L,25,200,ea
FBO WASHER KIT,AN960-516L,26,100,ea
FBO WASHER KIT,AN960C6L,27,200,ea
FBO WASHER KIT,AN960C8L,28,200,ea
FBO WASHER KIT,AN960C10L,29,200,ea
FBO WASHER KIT,AN960C416L,30,200,ea
FBO WASHER KIT,AN960C516L,31,100,ea
FBO WASHER KIT,DP1075-12SS,32,50,ea
FBO WASHER KIT,DP1080-17SS,33,50,ea
FBO WASHER KIT,DP1085-20SS,34,50,ea
FBO WASHER KIT,MS27129-6,35,100,ea
FBO WASHER KIT,MS27129-9,36,100,ea
FBO WASHER KIT,MS27129-12,37,100,ea
FBO WASHER KIT,NAS1515-H-6L,38,100,ea
FBO WASHER KIT,NAS1515-H-08L,39,100,ea
FBO WASHER KIT,NAS1515-H-3L,40,100,ea
FBO WASHER KIT,MS24665-5,41,100,ea
FBO WASHER KIT,MS24665-132,42,100,ea
FBO WASHER KIT,MS24665-136,43,100,ea
FBO WASHER KIT,MS24665-140,44,100,ea
FBO WASHER KIT,MS24665-143,45,100,ea
FBO WASHER KIT,MS24665-281,46,100,ea
FBO WASHER KIT,MS24665-285,47,100,ea
FBO WASHER KIT,MS24665-289,48,100,ea
FBO WASHER KIT,MS24665-292,49,100,ea
FBO WASHER KIT,MS24665-353,50,50,ea
FBO WASHER KIT,MS24665-357,51,50,ea
FBO WASHER KIT,MS24665-360,52,50,ea
FBO WASHER KIT,MS24665-428,53,25,ea
FBO WASHER KIT,MS24665-24,54,100,ea
FBO WASHER KIT,MS24665-153,55,100,ea
FBO WASHER KIT,MS24665-302,56,100,ea
KA90-AP1,SK40S5-3S,1,40,ea
KA90-AP1,SK40G1-5S,2,40,ea
KA90-AP1,SK-R4TS,3,40,ea
KA90-BP1,SK40S5-3S,1,13,ea
KA90-BP1,SK40G1-5S,2,13,ea
KA90-BP1,SK-R4TS,3,13,ea
KA90-NP1,SK294186-2-180T,1,20,ea
KA90-NP1,SK294186-2-200T,2,6,ea
KA90-NP1,SK294186-2-240T,3,20,ea
KA90-NP1,SK99836S,4,45,ea
KA90-NP2,SK294186-2-180,1,20,ea
KA90-NP2,SK294186-2-200,2,6,ea
KA90-NP2,SK294186-2-240,3,20,ea
KA90-NP2,SK99836S,4,42,ea
KA90-WP1,SK40S5-4S,1,48,ea
KA90-WP1,SK40G1-5S,2,48,ea
KA90-WP1,SK-R4TS,3,48,ea
PA34-OPTIONS-1P,SK40S5-4S,1,35,ea
PA34-OPTIONS-1P,SK40S5-5S,2,5,ea
PA34-OPTIONS-1P,SK40S5-6S,3,15,ea
PA34-OPTIONS-1P,SK40S5-7S,4,30,ea
PA34-OPTIONS-1P,SK-NS,5,76,ea
PA34-OPTIONS-1P,SK-R4GS,6,80,ea
PA34-OPTIONS-1P,SK26S51-2,7,2,ea
PA34-OPTIONS-1P,SK26S51-4,8,5,ea
PA34-OPTIONS-1P,SK26S51-5,9,12,ea
PA34-OPTIONS-1P,SK26S51-6,10,5,ea
PA34-OPTIONS-1P,SK2600-LWS,11,25,ea
PK-AN3,AN3-4,1,10,ea
PK-AN3,AN3-5,2,10,ea
PK-AN3,AN3-6,3,10,ea
PK-AN3,AN3-7,4,10,ea
PK-AN3,AN3-10,5,10,ea
PK-AN3,AN3-11,6,10,ea
PK-AN3,AN3-12,7,10,ea
PK-AN3,AN3-13,8,5,ea
PK-AN3,AN3-14,9,5,ea
PK-AN3,AN3-15,10,5,ea
PK-AN3,AN4-4,11,10,ea
PK-AN3,AN4-5,12,10,ea
PK-AN3,AN4-6,13,10,ea
PK-AN3,AN4-7,14,10,ea
PK-AN3,AN4-10,15,10,ea
PK-AN3,AN4-11,16,10,ea
PK-AN3,AN4-12,17,10,ea
PK-AN3,AN4-13,18,5,ea
PK-AN3,AN4-14,19,5,ea
PK-AN3,AN4-15,20,5,ea
PK-AN3,AN4-16,21,5,ea
PK-AN3,AN4-17,22,5,ea
PK-AN3,AN4-20,23,5,ea
PK-AN3A,AN3-3A,1,25,ea
PK-AN3A,AN3-4A,2,25,ea
PK-AN3A,AN3-5A,3,25,ea
PK-AN3A,AN3-6A,4,25,ea
PK-AN3A,AN3-7A,5,25,ea
PK-AN3A,AN3-10A,6,25,ea
PK-AN3A,AN3-11A,7,10,ea
PK-AN3A,AN3-12A,8,10,ea
PK-AN3A,AN3-13A,9,10,ea
PK-AN3A,AN3-14A,10,10,ea
PK-AN3A,AN3-15A,11,10,ea
PK-AN3A,AN3-16A,12,10,ea
PK-AN3A,AN3-17A,13,10,ea
PK-AN3A,AN3-20A,14,10,ea
PK-AN3A,AN4-4A,15,25,ea
PK-AN3A,AN4-5A,16,25,ea
PK-AN3A,AN4-6A,17,25,ea
PK-AN3A,AN4-7A,18,25,ea
PK-AN3A,AN4-10A,19,25,ea
PK-AN3A,AN4-11A,20,10,ea
PK-AN3A,AN4-12A,21,10,ea
PK-AN3A,AN4-13A,22,10,ea
PK-AN3A,AN4-14A,23,10,ea
PK-AN3A,AN4-15A,24,10,ea
PK-AN3A,AN4-16A,25,10,ea
PK-AN3A,AN4-17A,26,10,ea
PK-AN3A,AN4-20A,27,10,ea
RV1014-C1P-S,SK245A162A,1,26,ea
RV1014-C1P-S,SK245A161-INS,2,2,ea
RV1014-C1P-S,SK40S5-2S,3,26,ea
RV1014-C1P-S,SK-OSG1-8,4,26,ea
RV1014-C1P-S,SK-O18S,5,2,ea
RV1014-C1P-S,SK-R4GS,6,28,ea
RV1014-C1P-S,MS20426AD3-4C,7,1,ea
RV1014-C1P-S,MS20426AD3-5C,8,1,ea
RV1014-C1P-S,MS20426AD4-4C,9,1,ea
RV1014-C1P-S,MS21059L3,10,10,ea
RV1014-C1P-S,MS24693-C272,11,10,ea
RV1014-C1P-S,DP1085-20SS,12,10,ea
RV1014-C1P-S,RV Instructions,13,1,ea
RV1014-C1P-S,SK-RET012,14,65,ea
RV1014-C1P-S,D188C,15,6,ea
RV4-C1P-F,SK245A162A,1,18,ea
RV4-C1P-F,SK245A161-INS,2,2,ea
RV4-C1P-F,SK40S5-2S,3,18,ea
RV4-C1P-F,SK-OSG1-8,4,18,ea
RV4-C1P-F,SK-R4GS,5,20,ea
RV4-C1P-F,MS20426AD3-4C,6,2,ea
RV4-C1P-F,MS20426AD3-5C,7,1,ea
RV4-C1P-F,MS20426AD4-4C,8,2,ea
RV4-C1P-F,RV Instructions,9,1,ea
RV4-C1P-F,SK-O18S,10,2,ea
RV4-C1P-F,SK-RVC,11,10,ea
RV4-C1P-F,SK-RET012,12,30,ea
RV4-C1P-F,D188C,13,6,ea
RV4-C1P-S,SK245A162A,1,20,ea
RV4-C1P-S,SK245A161-INS,2,2,ea
RV4-C1P-S,SK40S5-2S,3,20,ea
RV4-C1P-S,SK-OSG1-8,4,20,ea
RV4-C1P-S,SK-O18S,5,2,ea
RV4-C1P-S,SK-R4GS,6,22,ea
RV4-C1P-S,MS20426AD3-4C,7,1,ea
RV4-C1P-S,MS20426AD3-5C,8,1,ea
RV4-C1P-S,MS20426AD4-4C,9,1,ea
RV4-C1P-S,MS21059L3,10,10,ea
RV4-C1P-S,DP1085-20SS,11,10,ea
RV4-C1P-S,MS24693-C272,12,10,ea
RV4-C1P-S,RV Instructions,13,1,ea
RV4-C1P-S,SK-RET012,14,30,ea
RV4-C1P-S,D188C,15,6,ea
RV679-C1P,SK245A162A,1,52,ea
RV679-C1P,SK245A161-INS,2,2,ea
RV679-C1P,SK40S5-2S,3,52,ea
RV679-C1P,SK-OSG1-8,4,52,ea
RV679-C1P,SK-O18S,5,2,ea
RV679-C1P,SK-R4GS,6,54,ea
RV679-C1P,SK-RVC,7,10,ea
RV679-C1P,MS20426AD3-4C,8,2,ea
RV679-C1P,MS20426AD3-5C,9,1,ea
RV679-C1P,MS20426AD4-4C,10,2,ea
RV679-C1P,MS21059L3,11,10,ea
RV679-C1P,MS24693-C272,12,10,ea
RV679-C1P,DP1085-20SS,13,10,ea
RV679-C1P,RV Instructions,14,1,ea
RV679-C1P,SK-RET012,15,65,ea
RV679-C1P,Template-215,16,1,ea
RV679-C1P,Template-245,17,1,ea
RV679-C1P,D188C,18,6,ea
RV679-C1P-F,SK40S5-2S,1,32,ea
RV679-C1P-F,SK-OSG1-8,2,32,ea
RV679-C1P-F,SK-R4GS,3,34,ea
RV679-C1P-F,SK245A162A,4,32,ea
RV679-C1P-F,SK245A161-INS,5,2,ea
RV679-C1P-F,MS20426AD3-4C,6,1,ea
RV679-C1P-F,MS20426AD3-5C,7,1,ea
RV679-C1P-F,MS20426AD4-4C,8,1,ea
RV679-C1P-F,SK-RVC,9,10,ea
RV679-C1P-F,RV Instructions,10,1,ea
RV679-C1P-F,SK-O18S,11,2,ea
RV679-C1P-F,SK-RET012,12,65,ea
RV679-C1P-F,D188C,13,6,ea
RV679-C1P-UF,SK245A162A,1,17,ea
RV679-C1P-UF,SK245A161-INS,2,2,ea
RV679-C1P-UF,SK40S5-2S,3,17,ea
RV679-C1P-UF,SK-OSG1-8,4,17,ea
RV679-C1P-UF,SK-O18S,5,2,ea
RV679-C1P-UF,SK-R4GS,6,19,ea
RV679-C1P-UF,SK-RVC,7,5,ea
RV679-C1P-UF,MS20426AD3-4C,8,1,ea
RV679-C1P-UF,MS20426AD3-5C,9,1,ea
RV679-C1P-UF,MS20426AD4-4C,10,1,ea
RV679-C1P-UF,RV Instructions,11,1,ea
RV679-C1P-UF,SK-RET012,12,30,ea
RV679-C1P-UF,D188C,13,6,ea
RV8-C1P,SK245A162A,1,50,ea
RV8-C1P,SK245A161-INS,2,2,ea
RV8-C1P,SK40S5-2S,3,50,ea
RV8-C1P,SK-OSG1-8,4,50,ea
RV8-C1P,SK-O18S,5,2,ea
RV8-C1P,SK-R4GS,6,52,ea
RV8-C1P,SK-RVC,7,10,ea
RV8-C1P,MS20426AD3-4C,8,2,ea
RV8-C1P,MS20426AD3-5C,9,1,ea
RV8-C1P,MS20426AD4-4C,10,2,ea
RV8-C1P,MS21059L3,11,10,ea
RV8-C1P,MS24693-C272,12,10,ea
RV8-C1P,DP1085-20SS,13,10,ea
RV8-C1P,RV Instructions,14,1,ea
RV8-C1P,SK-RET012,15,65,ea
RV8-C1P,Template-215,16,1,ea
RV8-C1P,Template-245,17,1,ea
RV8-C1P,D188C,18,6,ea
RV8-C1P-UF,SK245A162A,1,14,ea
RV8-C1P-UF,SK245A161-INS,2,2,ea
RV8-C1P-UF,SK40S5-2S,3,14,ea
RV8-C1P-UF,SK-OSG1-8,4,14,ea
RV8-C1P-UF,SK-O18S,5,2,ea
RV8-C1P-UF,SK-R4GS,6,16,ea
RV8-C1P-UF,SK-RVC,7,5,ea
RV8-C1P-UF,MS20426AD3-4C,8,1,ea
RV8-C1P-UF,MS20426AD3-5C,9,1,ea
RV8-C1P-UF,MS20426AD4-4C,10,1,ea
RV8-C1P-UF,RV Instructions,11,1,ea
RV8-C1P-UF,SK-RET012,12,30,ea
RV8-C1P-UF,D188C,13,6,ea
SK2018-SET,SK2018C,1,1,ea
SK2018-SET,SK2018-A2,2,1,ea
SK2018-SET,SK2018-A3,3,1,ea
SK2018-SET,SK2018-A4,4,1,ea
SK2018-SET,SK2018-A5,5,1,ea
SK2018-SET,SK2018-A6,6,1,ea
SK2018-SET,SK2018-A65,7,1,ea
SK2018-SET,SK2018-F4,8,1,ea
SK2018-SET,SK2018-F5,9,1,ea
SK2018-SET,SK2018-F6,10,1,ea
SK2018-SET,SK2018-F65,11,1,ea
SK2018-SET,SK29695,12,1,ea
SK2018-SET,SK29667,13,1,ea
SK2018-SET,SK29770,14,1,ea
SK203C150P-FW4,SK2003-42A,1,10,ea
SK203C150P-FW4,SK40S5-2S,2,10,ea
SK203C150P-FW4,SK40S5-3S,3,2,ea
SK203C150P-FW4,SK-OS,4,10,ea
SK203C150P-FW4,SK-R4GS,5,10,ea
SK203C150P-FW4,SK-R4TS,6,2,ea
SK203C150P-FW4,AN525-832R8,7,25,ea
SK203C150P-FW4,MS21044N08,8,25,ea
SK203C150P-FW4,SK2003-AW4S,9,3,ea
SK203C150P-FW4,SK203-TEM1,10,1,ea
SK203C150P-FW4,SK4150-42A.DOC,11,1,ea
SK203C150P-SD2,SK213-2,1,8,ea
SK203C150P-SD2,SK28S3-2S,2,8,ea
SK203C150P-SD2,SK2600-SW,3,8,ea
SK203C150P-SD2,NAS1515-H-4L,4,50,ea
SK203C150P-SD2,MS20426AD3-5C,5,1,ea
SK203C150P-SD2,8RX1/2THBS,6,25,ea
SK203C150P-SD2,10RX1/2THBS,7,25,ea
SK203C150P-SD2,SK4150-42A.DOC,8,1,ea
SK203C172P-FW4,SK2003-42A,1,11,ea
SK203C172P-FW4,SK40S5-2S,2,12,ea
SK203C172P-FW4,SK40S5-3S,3,2,ea
SK203C172P-FW4,SK-OS,4,12,ea
SK203C172P-FW4,SK-O18S,5,2,ea
SK203C172P-FW4,SK-R4GS,6,14,ea
SK203C172P-FW4,SK-R4TS,7,2,ea
SK203C172P-FW4,AN525-832R8,8,25,ea
SK203C172P-FW4,AN525-832R10,9,25,ea
SK203C172P-FW4,MS21044N08,10,25,ea
SK203C172P-FW4,SK2003-AW4S,11,5,ea
SK203C172P-FW4,SK203-TEM1,12,1,ea
SK203C172P-FW4,SK4172-42A.DOC,13,1,ea
SK203C172P-RET,SK2003-42A,1,11,ea
SK203C172P-RET,SK40S5-2S,2,12,ea
SK203C172P-RET,SK40S5-3S,3,2,ea
SK203C172P-RET,SK-OS,4,12,ea
SK203C172P-RET,SK-O18S,5,2,ea
SK203C172P-RET,SK-R4GS,6,14,ea
SK203C172P-RET,AN525-832R8,7,25,ea
SK203C172P-RET,AN525-832R10,8,25,ea
SK203C172P-RET,MS21044N08,9,25,ea
SK203C172P-RET,SK2003-AW4S,10,5,ea
SK203C172P-RET,SK203-TEM1,11,1,ea
SK203C172P-RET,SK4172-42A.DOC,12,1,ea
SK203C172P-RET,SK-R4TS,13,2,ea
SK203C172P-SD4,SK245-461A,1,16,ea
SK203C172P-SD4,SK40S5-2S,2,16,ea
SK203C172P-SD4,SK-OS,3,16,ea
SK203C172P-SD4,SK-R4GS,4,16,ea
SK203C172P-SD4,MS20426AD4-5C,5,1,ea
SK203C172P-SD4,SK244-461,6,1,ea
SK203C172P-SD4,SK4172-42A.DOC,7,1,ea
SK203C172P-XP4,SK2003-42A,1,13,ea
SK203C172P-XP4,SK40S5-2S,2,14,ea
SK203C172P-XP4,SK40S5-3S,3,2,ea
SK203C172P-XP4,SK40S5-4S,4,6,ea
SK203C172P-XP4,SK40S5-5S,5,14,ea
SK203C172P-XP4,SK40S5-6S,6,7,ea
SK203C172P-XP4,SK40S5-7S,7,5,ea
SK203C172P-XP4,SK40S5-8S,8,1,ea
SK203C172P-XP4,SK-HS,9,31,ea
SK203C172P-XP4,SK-O18S,10,14,ea
SK203C172P-XP4,SK-R4GS,11,40,ea
SK203C172P-XP4,SK-R4TS,12,2,ea
SK203C172P-XP4,AN525-832R8,13,25,ea
SK203C172P-XP4,AN525-832R10,14,25,ea
SK203C172P-XP4,MS24693-C50,15,25,ea
SK203C172P-XP4,DP1080-17SS,16,25,ea
SK203C172P-XP4,MS21044N08,17,30,ea
SK203C172P-XP4,SK2003-AW4S,18,5,ea
SK203C172P-XP4,SK203-TEM1,19,1,ea
SK203C172P-XP4,SK4172-42A.DOC,20,1,ea
SK203C172PXP-FW4,SK2003-42A,1,13,ea
SK203C172PXP-FW4,SK40S5-2S,2,13,ea
SK203C172PXP-FW4,SK40S5-3S,3,2,ea
SK203C172PXP-FW4,SK-OS,4,13,ea
SK203C172PXP-FW4,SK-O18S,5,2,ea
SK203C172PXP-FW4,SK-R4GS,6,20,ea
SK203C172PXP-FW4,SK-R4TS,7,2,ea
SK203C172PXP-FW4,AN525-832R8,8,25,ea
SK203C172PXP-FW4,AN525-832R10,9,25,ea
SK203C172PXP-FW4,MS21044N08,10,30,ea
SK203C172PXP-FW4,SK2003-AW4S,11,5,ea
SK203C172PXP-FW4,SK203-TEM1,12,1,ea
SK203C172PXP-FW4,SK4172-42A.DOC,13,1,ea
SK203C182P-FW4,SK2003-42A,1,14,ea
SK203C182P-FW4,SK40S5-3S,2,5,ea
SK203C182P-FW4,SK40S5-4S,3,6,ea
SK203C182P-FW4,SK40S5-5S,4,2,ea
SK203C182P-FW4,SK40S5-6S,5,2,ea
SK203C182P-FW4,SK40S5-7S,6,2,ea
SK203C182P-FW4,SK-O18S,7,14,ea
SK203C182P-FW4,SK-R4GS,8,15,ea
SK203C182P-FW4,AN525-832R8,9,25,ea
SK203C182P-FW4,AN525-832R10,10,25,ea
SK203C182P-FW4,MS21044N08,11,30,ea
SK203C182P-FW4,SK2003-AW4S,12,5,ea
SK203C182P-FW4,SK203-TEM1,13,1,ea
SK203C182P-FW4,SK4182-42A.DOC,14,1,ea
SK2600-TS1,Template-213,1,1,ea
SK2600-TS1,SK-T26,2,1,ea
SK2600-TS1,Unibit-1,3,1,ea
SK2600FW-SET 2,SK2600-1SFW,1,1,ea
SK2600FW-SET 2,SK2600-LWS,2,1,ea
SK2600FW-SET 2,SK213-28,3,1,ea
SK2600FW-SET1,SK2600-1SFW,1,1,ea
SK2600FW-SET1,SK2600-LWS,2,1,ea
SK2600FW-SET1,SK213-2,3,1,ea
SK2600RS-SET1,SK2600-LWS,1,1,ea
SK2600RS-SET1,SK2600R1S,2,1,ea
SK2600RS-SET1,SK213-2,3,1,ea
SK2600SW-SET1,SK2600-1SW,1,1,ea
SK2600SW-SET1,SK2600-LWS,2,1,ea
SK2600SW-SET1,SK213-2,3,1,ea
SK26S51-SET1,SK26S51-1,1,1,ea
SK26S51-SET1,SK2600-LWS,2,1,ea
SK26S51-SET1,SK213-2,3,1,ea
SK26S51-SET2,SK26S51-2,1,1,ea
SK26S51-SET2,SK2600-LWS,2,1,ea
SK26S51-SET2,SK213-2,3,1,ea
SK28S3-SET1,SK28S3-2S,1,1,ea
SK28S3-SET1,SK2600-LWS,2,1,ea
SK28S3-SET1,SK213-2,3,1,ea
SK28S3-SET2,SK28S3-2S,1,1,ea
SK28S3-SET2,SK2600-LWS,2,1,ea
SK28S3-SET2,SK213-28,3,1,ea
SK4002-TS1,SK-T26,1,1,ea
SK4002-TS1,SK-4P3,2,1,ea
SK4002-TS1,Template-215,3,2,ea
SK4002-TS1,Template-245,4,2,ea
SK4002-TS1,Template-245A,5,1,ea
SK4002-TS1,Unibit-1,6,1,ea
SK4002-TS1,Unibit-4,7,1,ea
SK4002-TS2,SK-4P3,1,1,ea
SK4002-TS2,SK-T26,2,1,ea
SK4002-TS2,Unibit-1,3,1,ea
SK4002-TS2,Unibit-4,4,1,ea
SK40S5-SET1,SK40S5-2S,1,1,ea
SK40S5-SET1,SK-OS,2,1,ea
SK40S5-SET1,SK-R4GS,3,1,ea
SK40S5-SET1,SK245A161A,4,1,ea
SK4P3-T26,SK-4P3,1,1,ea
SK4P3-T26,SK-T26,2,1,ea
SKN4-2S SET,SKN4-2S,1,1,ea
SKN4-2S SET,AN960PD716L475,2,1,ea
SKN4-2S SET,SK-R4GS,3,1,ea
SKN4-3S SET,SKN4-3S,1,1,ea
SKN4-3S SET,AN960PD716L475,2,1,ea
SKN4-3S SET,SK-R4GS,3,1,ea
SKN4-4S SET,SKN4-4S,1,1,ea
SKN4-4S SET,AN960PD716L475,2,1,ea
SKN4-4S SET,SK-R4GS,3,1,ea
ZG2600-SET1,ZG2600-1,1,1,ea
ZG2600-SET1,SK2600-LWS,2,1,ea
ZG2600-SET1,SK213-2,3,1,ea
ZG2600-SET2,ZG2600-1,1,1,ea
ZG2600-SET2,SK2600-LWS,2,1,ea
ZG2600-SET2,SK213-28,3,1,ea
ZG2600W-SET2,ZG2600-1W,1,1,ea
ZG2600W-SET2,SK2600-LWS,2,1,ea
ZG2600W-SET2,SK213-28,3,1,ea
ZG28S3-SET1,ZG28S3-2,1,1,ea
ZG28S3-SET1,SK2600-LWS,2,1,ea
ZG28S3-SET1,SK213-2,3,1,ea
ZG28S3-SET2,ZG28S3-2,1,1,ea
ZG28S3-SET2,SK2600-LWS,2,1,ea
ZG28S3-SET2,SK213-28,3,1,ea
